tier,division,summonerName
BRONZE,I,lftcuu69AqFhXeyH7SsiMP7EMQhycDyhOkgWC_pWm9EZHb6dl2svPV_yw_kra1H6I1H08MVAWG710g
BRONZE,I,09yxpYS0qJEVU-PCfwpVI-vAzAO6XieKo6tbO7VN02K8IMu8rcQYFe5Dqkn96Kbwxt2xJdrt5gWEwg
BRONZE,I,CEadqlx55m255pwrE3YxgD3D_naD4Zpkw4FqDFVnl-qCUOw8RUyZIUfGLIwvYwtV1O72DTfHSvuLGw
BRONZE,I,vIcfOvjjTgY-XAmXYfNIuL7hw6vf9rtWSmE_xSz7dfFN22SMOuHd3_BlZ8IyL7RbbTY08NnU4P6saA
BRONZE,I,CFgRXq14oTw41hXINXrfoRFCIGcRk9filP_iBknZWkde9hsQeB3ff6K9knGVJr5tULUgaktDt8yw4A
BRONZE,I,6jotu7yF3fZhgXe0te9ez5M_v1Yl9n-dfWWjxFtI-Ca_p2XOdPt7Q3IoTbiQxHQ2T4ChL2pQLKuLng
BRONZE,I,rTnZCcVC6rj5pEnqpy7SQbg86NZLI8wC2-CThUE48Nywi3C3PrlWqnl5irK_2R1cKkqM7Lu8XPA1AA
BRONZE,I,-_pjkRSg24aOHeun6MPR_o9OlDCrVh91U468GAhRAfTQNbRkemKZfJsvj_vhroyGsHcghOacO0_0ag
BRONZE,I,QtRS2vUitRWIg1hlMM_z3Hic2yWyEQ7spv3KLuxyBS8OpoZSI8KpKsav46kygWNYD_LwKQ5TpB1MrQ
BRONZE,I,_pIq8FTu9gZjMuXPpX9qyGfJP30Rmmq3O_SEz6DYulbdMnRiHmLU7CLu0eseeRoUcckTOdOD-qWe1g
BRONZE,I,4p4gLt7SzXiZYLxsQ8MYm6McO8srxig3dIj-6DIvoYD85omzbGLWNuWpboyo39T8yalYcdoMzjjM2g
BRONZE,I,0q6LhytBBtbO6BLHf1dPRXYNscIqgHFYNP0G4ykufFqp975i3A9b0xPsXrk6YJVUG0u4vCik4ufNBQ
BRONZE,I,0X6irXbnY854F4JVU7X4r-PEkMgFUDgpIF60Bpp1nd8JiKBdUAxCJMaz7SexB5xjLuXtOvtRWpirAg
BRONZE,I,642lDrvLrefjQG6Q1t8-yLIa5auud1hgwfcnaQyMH8HcUUj_C8jwdirR8kIsLsRlgbxCnSc3rN_htA
BRONZE,I,t_H8zLm7XXEyNvCukUhrnB1z5PqMT3rTztx97tLYBym3hshZFMQCNp3Pj2nwyj337zoG3gmYU5fOmA
BRONZE,I,-cm9UoTQk64V7Skc88qA2acbbiUOal2zSEZ5hwSOZl6mMklmy3oOULmxNp1l0O5DRFjiPcsQOZAZzw
BRONZE,I,zBgNgmRVfVzxUi9xjLuZsDXYPZuM_vIDXfoL8pEqPE1t1PuJW5vUFaROE5VOQBDWTnlJFw50sjeS4Q
BRONZE,I,6uhKptxbGHbhKo1bPpMTtPlHUdqUkAtt7f68SfjzP1Hv1wG1fSZUX5zXAYcR5GfAuFt7pGUGVAZ9gw
BRONZE,I,TGu2_GcgEv18Xi60FWLRbdLufbD6Loh-cn2c10yOVdUQ_tEcb6LR3YBxHOe74pdD0bqxCb-a4T9SNg
BRONZE,I,a8DtYfk8DTkYU9DR9yaZ8MGgYNcW6aCVYzva3fpYPGTgacGtCzdDStGFZb43Z4ItH7qnbzt_V-6YOA
BRONZE,I,wCL-zIXgl8S3by07_WEz2pPSsY1b51sVxJ2RiMe62k4_94u4eAC4mlGLXn616b6MZUiMGj93BSZSkw
BRONZE,I,wlSYKbz021jHjJajAIERZD11X28Y684CVcXNjeUbVc8aj2CzUinW-2WBbSH5i3_hQt3_n8BsCo8JFg
BRONZE,I,kU34P6V3L_7T0_D-giw2Y44qpL5Rn-PwmLrLm3766w7YiUIyesQw-7sQS2ZaARcMRaFYPPF-wHvIJQ
BRONZE,I,jWEMzIcrToJxVgzGZTn964EOB3cjI2_wveYyqyT5xL945DgSHqdo5bm0Rk_3PgQ5sKMeKimpEyKc3w
BRONZE,I,s9_cHOrM_ztu0crOWtuvoCv0TSitKeEHdXI-uRhtFwUxR1xJJGjldVYo14eE5wwVNWISH6S26MZL8w
BRONZE,I,5o8BI389BpS2cUswuOLqK_YT8eBJRNnrRe5K0KIIbPZN7eIxf2wixATorNhY02ekMK5pIl_XOXabrQ
BRONZE,I,dXlDe0o4yt6mlnfcCxllo9OC-mqK6ORXWYEKpnZ6t6GOf6jsoNtbpyeFDVqvE-iFoD10kgd4MHuTMA
BRONZE,I,pE4vW08j0ZpOZ6wS4zZaiNrrZ3YyMAwBKG3h9k4fdxf188hIIfoT1fIKOqxxchYoE38kKoexFDOmoA
BRONZE,I,KDLwvHLMwywUoJ4eACGzowyEIk8Ii4_fVfq4mqE-H7bMWZYqYDTWP3Jmb8LnJOyOqJE8rQtBfj3Bvg
BRONZE,I,apM7aStubU3RAHywbd7pvChpczuCRbUZBUjjzacbKq3dNWnO9f7dq0v_E7qYPodfLkkmaNDOZQZEmQ
BRONZE,I,PazBdVW8qgYVU5IPpkc5OOoP7RawR5agHBPAc_WQm49YO9gSgjgzMb6BFdmcWj6WW3C1IdhfNwgNUQ
BRONZE,I,lk1JYy_tyuhpctt70qxl4kGvzyJzi2yJocNTi6j-FMzaTAjLePFdfWC78EkywVBKaRNzCpHwBOoIJw
BRONZE,I,cAG9oeOsLEO3RxcnIIsaKyLEM6b3Lxd77h6v5ta_yl4fDHvwSycKYGSioX1MnQeoxHzE3KVidPvLLA
BRONZE,I,YLQoEQtwpYt4q79MGvnPR5h6OWNG8H_BmW-jIxk89Kalwm0376U_Tx7MGk-HLA0sP4fGDL6UZqfFgQ
BRONZE,I,9cWuYdxxieOZBPDiy7MjuxaX2JCykEfjsy-kdvbtdvh-jZ0LCm9cKxu8jO4no2aHiumpadSSOXSyTw
BRONZE,I,v4a0L7tZJUHCKPIbI-5Me320HZX7a0Sl1d3cYmvHVmOL0o1d8z9541osuSeR56sqPzPQpYfeNzPEpQ
BRONZE,I,_7DZnGmXsE4GSEuqTrR7H4y6RAgbfwQ6U_Z23t6x9bArgmXLOPZFt3h9Tl-3FGjBzi87CZ7cCVnmtQ
BRONZE,I,D82CgnRQa66h-45rahM2D5ubGiDhHCdx2NxxL2DMC0HLBHb840JSMIRRPKZa0QFge6RjI_O6xNUJjQ
BRONZE,I,cXHz40yhSJpz51PpMDHaHNMVdzyBOdy2YJPu0NAx_cSsuWaR_90QWRzaPLhvJGqo--Z9rrCLbEaAYw
BRONZE,I,UGFPnvqLzvNvg1SE4cNXO6gl_JHfpaiS4CZSIhYzpmPbI7_hTftY7dCIZCcAAPF3R5U6UoAb9Eu2Fg
BRONZE,I,_BHiC26ScyJ6MjrKvqB6Vk6KcqGWoVoQFrhqRuHDewDxG8ic2rz4hr5l-3naaFL-Zmh3QuFRFijpqA
BRONZE,I,2XNa99Im_fMENCn_F2fugurVFJUV7B-83MpK-sqPFemMcFQnF2TmaCS_BQxYTp-2Cuqrzn91L6jjNA
BRONZE,I,m2LhnLHhPBLdRN_r95AMCwC_W1hiHLKg_4gCOM3poytypj2uz2J4imI_2HRrbBUgkRvjYIK_X-I2rw
BRONZE,I,8jtHjPjh5-x76PtPwWAJ0-PSZhPDckgE5is4m1WrJMQGuCfg5SfQowanLoMSOQnusmQCL3fBn6tCjw
BRONZE,I,oCQD6lypA1vapOg_Vdy4tHOlnIu-V2374rrQQ8sr9-VhN5VG3djAwuXHrIFfvncF66GX0ODRK584yQ
BRONZE,I,5PGz0smDkPnWzruS9QR1vDoZq5BGeFdB2kVmyLB0QbbasJ2O5TB0KusrshmqCHjK21tE3ebXTNy0aw
BRONZE,I,K3LF7_7-AaEJ_4XcOg9rZeBk7FlxhWSF_d3FP_bJqOXYMRlJY4J9HlaMGeCwL6ds0TumMR142kr7-A
BRONZE,I,PuGiQZiEVQVCZdLbS57eMjkRb1W9GqsKekwsz5RmjGcmYu7m4nXgQOFJJ8BBQ6bwhpErQjyQ47arng
BRONZE,I,QF-9iSdS7WeUJlppJJXl_8pgwmEGdN5VmsF3M4xbvQV5qJWDb0Jy7QYoqQ6j8QrlPN_f2OzS_YZ_YA
BRONZE,I,q4VxYzjmPtPZBpM0Z0wZKsUTHFl_DXO4FumhXZAVyWCkrqwiPo2NDMf5FkQAgKkO7E7jQ5unUK5_JQ
BRONZE,I,Pu8goJOzfATZmPkh_oHYo7KKd1ebfEr8pDdBQa-KT5HvZCbjXGYX4nzZDJ4AzE38K0pVdP_lUt5nSA
BRONZE,I,Sfl4dISdtNqAL6e0IVSKrK5JWfgluznRa3sQOnp96ZGBDyryqTcypSeIwsG0XEt7FInT2MMro-HdzA
BRONZE,I,fKyzo7Z6efvr956bwDHwY7IDHYDbFSEhSBhgjQyXK5ODxEYFzMY7QDpVxH2SQQqVBzN2DgbwVI1IEw
BRONZE,I,uwY3BB15xXDXV-ismRnK71Up0mZ3RLMn33uLumtKUxMSLmejUA-ooanzYIjufC4PLVVCMbvy5UEQvQ
BRONZE,I,Eczy6hL3SUXfRIKqMtYHt35Yr4vXc_8gHYR03KIXE5jXFK1rlnb0ShXuOq2XtLQjPHbesw10---RPg
BRONZE,I,3nrLU6jbWnsPC9dYii9pXmChdb05mLxHeMKT9edeGudTb_nFAudlrmTbnBWiG3tnn_M2i0AiOi9riQ
BRONZE,I,yiTieN58Ihs0xBACr_5FciGSIShnCbuFrpk1GF9bK-SGVDiNK1CSUEmE8vzPYsM4LOqbgwjmEYIjOg
BRONZE,I,wvSDZKk8POIZ1vBIn5SA91QVRJsmUjgZz9DxRBCrFb9pycXlk1d3UhXoOpYtuUtJFk_hVFosnMcQEw
BRONZE,I,hIdOHR3SQ5Da6V_fcwLxUtRz6VJr4bWcu_5O7Gp7GDuJvkqjvzaYW_7vCbR2hj7xwfqa6nBJOwVHwA
BRONZE,I,oFL-uwXQo8VO-pkNATz-jHw2joFshVeyq8DhtIiu2aLTt-ZCSW8AmcvrhltE40loxt2sejp8sNiyfA
BRONZE,I,jPbAW2KXiyzQXLEUafokAx_QMJIu3PUxLZSc66sJF4KMZ-pqs7AulATZi4Q0vWtEo1iisyiSbKKjlg
BRONZE,I,exb_NEELiJC9Ja3Gvodfi1zCvhA_5S0cGTUyvb2haWXUsqo94u0vAZPOC9zVORqWnYGjABgpK9uC3w
BRONZE,I,M6eEUl4va3LYCkcY7tOOdWPuRRZBqE-IwUoT1Q5csRxOXQl2PcNGrQ8-ZyG3reGzr_ew7Akfh4GjtQ
BRONZE,I,tYAd8hOhBkjIEqvR9CXqfjhfn6HeYvTAAv_ySTjchFJahRfws7QyvZjNMVWnv6fbhhJjlYgLVcTNqw
BRONZE,I,rYwrVMrp0Y7OcbCgQVTtg5AKuRopi_2BCljMh1pevhT8QbWRBRcnEL57LiyCA_PrFr7sd7u-XoiTng
BRONZE,I,B9obdF-toDkBgtf0yZOo0SiebKxtJA-r5i1nyBw3NwD8eNEozR02ARdoR8Sp3Br01DLBjvtGWIbR9Q
BRONZE,I,hbdBsmFHjrv852jpUeRY4Y4dzVq0BVeIK2xArHPoKKxgPBDRPBFpEsG4ducdwJs09JRCO2v0MhJS2g
BRONZE,I,TfVEAhgaAJRzM2DOA8Jw8UCje8Ht5uXNR0v7oBXCjmIzxVCKDSPcn0OhcynZTkooAAZsrwx-asaeSA
BRONZE,I,HgdUkkihl5Y7u1oIMaH3DqDpDaX-ZSZ9hOvwTyJ5TnQzjL1ARJmHt2juh7O6zSC8b0FlrTZqDzM80g
BRONZE,I,XCZx8gGx066P6Ut1QUYvCTb2im5YMqu2LBc2P23rY2T9UK1XVDdBOrsproKGDqXTV8e_5M68rd4xuw
BRONZE,I,ldFs7anaFkaj8sxVA0SSI7Qvg4_wMuM7eeQntMn95fDEGDLi58TTRBLPyQ_BQr-AMi6hPKjVX4XyIw
BRONZE,I,wt_0xRMvgOMGCTvskANCw8hdSc0sK77pexbafeZ0QO4Q46zn-kgs4-Amdwon9dllXFo7kr9jyhesmw
BRONZE,I,Xz3MCxm-tnEqJxi6jee6euNfnUeegKH0592xFPqk6jwxapLLZyYyFHHhGD5iBBN7VFk8B3GM8Qy4lw
BRONZE,I,JMUmyZiYYwT2VVfi3WsKtnM-LbVZP9hY7XLIeYpSDaRwgXi2IOgZPbNSG7LeNzZ4-J3IvSMUCPwipQ
BRONZE,I,YjVrGrrzSitj2RofBysf24w35Os_QRqN2cQH21AsGtIX81_KijFzEAyELtdoAqkuQrlzKfoRjRIBfQ
BRONZE,I,8LS6Fom4t1_kUSSPFNvLqW9Hay-I45OGT5YzB7JcnnygOY1OhhnZp7zsAN4aay8u7XAeAehG1IygLw
BRONZE,I,pCRtfp127h0t4Wl6uTNXiejfEQMcLLxWvkKhA2r1Y7uaz1CHs6nfEKatswy-wy7ci_pU6YhA4mRasQ
BRONZE,I,yGarpe5ZY7gWx0LtVYcHSUex_lWvsrEr0v6bIsX2osaZgAr8STGDMlEzBraPda-fA_-fQp6VUm9JKg
BRONZE,I,8clC4X7aipDKcPhg7vWVLf00Qz6kaoaHg0yIBaGQxk0kD-k9wGXXp1wvhAjvGkqvS11X9I8evhw5Xw
BRONZE,I,F5LAND4ZMPNBYcae0TACMpDsceOeBkEZpN0OzAST23pgDAdAOFp7duznwE2EUiPc5V7LWzDrY22PUw
BRONZE,I,hVe_oEz2oYDkMwIKnSi1Qr2kYYfVKVeE8_6WDNTY4pu9WXGiUDVu1THjMlOw05jViARblyyFnBtOhg
BRONZE,I,Bsx-qEFzFhVeuPOV3nPP391MQ3Crk7eIECIoayCxCHWZM-iU2g1mHOpuz1OylFhVZViDWqEh8ILriw
BRONZE,I,0qfKh8RtWRJRcLBKSnFyjavQkcla2Jxp7Nd-kmysmKGeI4YXTAEgPnDKssSUyjXWBJhvNLq5I2G-Iw
BRONZE,I,BUoKiFbaq10f5JSshXZFjIckpHpx6RkwV9r4j3FGaNTeLeqXPtt0gTlykDeccAUbXtGRbHOgQZyG3A
BRONZE,I,_b83Wm57icBoYvHLcSjwoIpiLzxoKfyn20oUazMIL9DKWAkcXeVdyeb7CT4hsu2oeAG3v7B2jj91Qw
BRONZE,I,jnJYeFk8jruYhxGLuu5RiUyC-XZQctm8rWAEhRCSDNHfO0nAZb1q6e8_KKR71qMcVYJsiF9Y9KQXbQ
BRONZE,I,-ircdDLfuA4bNXXb74jsMByOsS9xd9GlzmcBouH_d03IA27BQ2_ILifrL6V7PBq7aZpgSjQwiCGLpg
BRONZE,I,Lw2-hHoFSOPs2KTJ8C-dsJqpbfJiXfC9IxlD0xZcTFY6WVDb26bJDtCbeSRGIhWZGL4uh20w89EqaA
BRONZE,I,-BgoR2wG8Y6KwWf8OmiLo7AAOrk4nUuPdLrC9lQ5fFlw2G_hg_Y8tX3eRsu4y_Nd8awY48_lM4zcuw
BRONZE,I,BcvqKuNKU3DALYhn8Ao9C-o1vkO0QF4tp13pynM7Eyyi96Tipndynkk1n8RqkPbaeIa60LVmeNaKJQ
BRONZE,I,1vckT_S8RR4qqVQ8CPu59ovbA5W0oC9Ib3miNeNaSEsGcVtOhXNLhpKcHGMD_xKVTcVLbMDBbz6Iow
BRONZE,I,Mb7Ra3O0png2w0o67pKq_4CPYIvqzZoaIqR3qaHrbrHsbMJQKkp6POK1oIwkL7iyn9pTb_PpYgGCMQ
BRONZE,I,UX2W8ErxfsHagt7E_C0P6bd1ScBgQyqaFAhBdvALT0eN-Hyn2kGREyCeOx4b83zDKdudguVW7ox9BA
BRONZE,I,cBLXchjvk1ntPIiJEngUXCY-yHbKApdVF2sMXHWX7EHQxfYPHVEV7vD8Hzj37w_E98CtMktMwCt3DQ
BRONZE,I,UCuVbkuMX1SskTScMf6uWYJSSNthODn9J10Cp8DIPph0gZ_z73RXL-KGVGexmEMw65i9ZhCG1o7cnw
BRONZE,I,4qOWT1YO5HTfAgnNAZevbWuMDCCpfqetJ2NfkrH7bzdtyt2opknCvTWC9h30hh1nQ-R_LlVPVGPwRQ
BRONZE,I,toymAsSt-AwDIc8TCTb398Ot8h4q8W7kzixo9vGpJEg8FP_2qQBhD3eyCjC7YWoOxN2DWWfxnVE5rQ
BRONZE,I,ssr5Tbd72rVQhZN5zcBvn0JyQOTeggSkaCPcUZLbdALL2mxPXDrtfLiMTKAzRZ-4ktF_HyXJ4k6kaw
BRONZE,I,mPb00lrzUI5sqlyoWvYjdIbF77zalzI2wgO-MQOJzMYPEQxvddYmOo1tWGZCtisVwj-XmY5ycbGZ1w
BRONZE,I,pF0TweuDB8hrwnhzlgmSkjefoaXkH4OWfxi34FLwq0MLXdde0lRPU778ew6a86FR7l4K1K-QTFMu-w
BRONZE,I,PsCYnmmh4evyvCAn6OAwE0AKDDFKiRErNSU0nCm_4-aLNxDhGyFcxt3hC7WUS7uuMHdo1gG3ErCHlA
BRONZE,I,YO2GGnA5xKFlBR9w8InDyWZnllTSD5tf5qK24EPXFJnrNSuvBIxDhYC7Ng410VjPHuHnB8-O1Ck97A
BRONZE,I,jWJOdrx6LC_dNwThErQWJ0XtbbDKSbi6AlLDBH3sPIcZv9mfQLGNk8erttN0lpi4yPxPeFLB9XVnMg
BRONZE,I,OoBYBzZPnpdTzbqgGrV6bgDcFlvYwW-TvTYgNtud-MPA5VFTgAsf570RpW_F-XzpqzgfjshtjV6jzg
BRONZE,I,UWL51xebGYuoin-hZ2YcMpqJ3jtBCMv6O-dA2eGNgOxUOU7Wa_ltW_TZmK4swTCYjH_2FipNzR8QTA
BRONZE,I,1y0C_gjzWd4-k7hKzOKMck3QMmy_jY5og1LcG7fq5ZzDQrsvSXqG-7PyIC6bHeK6VbQCRE5wezpDwQ
BRONZE,I,6nkJE6xLckM-6BFl7uo3ds3Id6v9b21CBrAYj4myCVaagCHt8DfFHxgJmfg2zDL31Nuwc29HfM9BcQ
BRONZE,I,w3hgwzD1Cp6wBcFi1iwAGR4B-2jfGNwgiATqB-MPyasI69VZtH1JOqlWM2w_FXZUQfFt_4ixwX6uiQ
BRONZE,I,TmWy7Pc8t8DY3bEK6omtoaxTPsVKTlA73ADs-zLzQuwlYffBYVvZUIsgETXgavVTS42nRrHaKvmGJg
BRONZE,I,EqrNGkfE6Oa_RODfL5xuXIgeXfWH1mtXQLUnIeP5yz-lzxOO3wrdJhW25D9gV8khr7MgGuB4yxlUmQ
BRONZE,I,bqg259T7-qiKVbcnrnmcjQOsvHcGB4b7bVa_Q82viBnsspNHv94u_tMJ7GSNCFEyWKxoW_NxvwXo4g
BRONZE,I,Wo3U7jmutxJZQjdTRT8juSKNwx76A-wbFb9p7pFvQcOg-A1dQHIOzbxlhJfs1hXnJU0sq93O-E57zg
BRONZE,I,Sh-E9lA7ClVqAf9QRA8qv5CL3DD63J-4QZ54MoW6-2UnVfafMJLX0X5pVK6Dnu7upXIsWZI7mR5izQ
BRONZE,I,2YhDMJwr84pTIgMSvEr4HpyK8ZBTSzCBYc03HrWu0bOwej7XzwxWjlN_OvHG3Hh6_Hub-cia9oZbWg
BRONZE,I,9Q4ShlU1vLHNWUolwh2KCYcqv40xOMRX6FUoDSl_YN9tIjUf9UyIRWs6wqum9dZcTqlAJ-PyLnGBzQ
BRONZE,I,qKEFt2d9NuhvXv7hA0-IE_p9nORkRFhQ433H7WOv75UVK_PfcxcW02PD1QPHxMVMyRg_56s5yOnq-w
BRONZE,I,0gSbJZhJQ1OI6d9E2dyau9O_lKuEAZRpIegm7tHXMJXIzOJuU6hK1rE3xFXKg0521ExIgdxCUXWUpg
BRONZE,I,V5B58oepzCeF4IzyBqALqbwcDElEinkTKKGJ4jcyYFihGFyfT-vDhRTS_OjIve3j68G_H4AIA4h3oQ
BRONZE,I,Zd7oFTSIWxub3lLrBnzE3e6jK29lNT_G_1b2PElZkcgeubjQIYFN_F5WP-04vfBFUoVt91q-K-YwKw
BRONZE,I,KNwKlHGXO7wowEivCQYw1NjTUdGTmOYJYvGrfKJmI4ErNC-89c3e-xbQ-Kejd40I7hiA4qWbeilgXg
BRONZE,I,D2cqYRJ5oizJp-D4luElrQ-y5joQL7msvFsBD2VcyhXcs5YtMhkxLVZat_w_RNz2jO-S6gR-JNDA9A
BRONZE,I,DILJ4JjqJEOLkzIrbu8isaMXsSWskiCkYSjvwt5myzOFtJG9QsTzGCasF4le4zNTybOAF0uh9svQMw
BRONZE,I,nc3_gwpo0Pw-ow07CfLXdiIHL6BsI2DvlxJN1fuSRkKuDJZ-BoebtcZ6MmjT1qe2MEbyi7biCGSYNQ
BRONZE,I,D3siKtGJBUxK0F3TBrMWx-JSna6IpKDWJBBKafSlo56HQ9tEeTnMQsHDP7RUDrCtcI5Y4_hManCRtw
BRONZE,I,FxlBcrgABQK74l4C1czigwmf-YQPI3_PC17zckU_JpsY5AgQ7TZWJczUdjRo6ab9sS_9UwgYUC6W_A
BRONZE,I,_xc4zje4JKAfssshUjdfpNn_Jk3Zapg5mLcH62k6WblfT_Xl33mznFDzqmQNYCTwqAw7Y6IGgscgNg
BRONZE,I,_f9eV227MkdiYX2KwqmUJ5XzIqHM4rno4y2NkrFimeL_15e-vhF4N1sW5mJMhteho3iypMVrbC-cXw
BRONZE,I,0PNPGtsXs-LDFnstt-RpejEJnaBKtz-Bh118BNyzxKpnRIjsR2PJBdDTuKGM2FHS9LWlF-WoNivUeg
BRONZE,I,TH0IF1euHHNK1ezg36N4QU8sUc4n_t4EmwDVqyie14YvUS05s4rz2UtQDLneXwvQhGZkMOh8_ehAQQ
BRONZE,I,gfebQ0-q-1n-trDj5QrNLRQDjUgmEIHaZkffeP3fC4hD5zPjQWgx7h7vRkDeOElXvvaLY8no8eJCEw
BRONZE,I,mJzxo4rVh84j0jNkajv2Y2ovlxezYHrA48_UsQd789u5u1gMKX5XnwcG54CkLhG9a_BCQhGLKXOJ2g
BRONZE,I,MAJscOhCVXMSPdzKsnXYdgFacXKiVrdAn0ifexL3FEqyqhMbo-GFBrlgBBaqZQuBSwNSZ1WkIIytqA
BRONZE,I,mYdjZCLKBBnLY7FUgQxfITppbSrgNTAGX6lKEwRrDVOQAcV_gUQAOcO9jLrmPRlSLwx4VPk_e75eUg
BRONZE,I,rw-od2-La8tbMdIiZ43na-bMbrQ46xmVwHYghSSniAOAaUotZ0lEDszE01X0bPde694mCIL1HHI4dw
BRONZE,I,BkuVHrtBaFMt4Gxc2kdwrW2DhEPbVCCcA2kqZHyQ4sFznnF63YYdyQuY6Ih0qJ13CRsHXsEq8vSPSQ
BRONZE,I,5hkxG_esoyexWAJp8JBBY2TaITuBB6ZFO2cPTf5K8gA4Hkm1IAlz_UnWRy2qIodk2PJzdFDl9GqElg
BRONZE,I,LJOemSBzuLXyYOdhH4BPJQh5CCWCC1LOc5S-Ig26GDtNDzLTWRz3rr6WMPQnQHy-yFSwHWCOcnETZQ
BRONZE,I,n7AA1J1IMlJ21cYgAZmjYfSeJwCb4uSDUY8QpY8ER4XH8WR3TTflcHsgM_5bS1iXL2smgzMxHEb4RQ
BRONZE,I,0waRCRAbJLKP2MPwfWplOP5r4HOj2u3CGQUrL_9wWEmlY8Y-LsoPzz07oZtHsBGhKEpEpb71wNOTuQ
BRONZE,I,JOo6YSf1DBXzWtwlg9R18iZnBeznVWyuQfXRyAPDsPO-Qz6y_Nyc0wfqypchfMYOS9w5AQb5F4h8pg
BRONZE,I,UZjiWVk4rBvDpdva38T1UFFq_GK7yy73P0Mrsvbryec5n_j4cTRlUh-WZeLuRSoP7iUwNsFuuKLWTQ
BRONZE,I,oRacPCp5R2doyf0dCYizu2k8iwKsWPeft7ABOHTm5V3_TVBwCLflTchJzd9Xg7WUyrs_SiuMA73v1Q
BRONZE,I,pVz4DIE-RlL-LjzJu2U4O3hUTzltj_Mb3ibJ0LLkbHg4FjMxymcR8NAp3T-TZanZUA9VLI3RzWa7DA
BRONZE,I,xh8xAqHSwv39CuS0pPTwZWANqTVLI3m7zwoZKbqRsAJRxB6qe7gyRgZaIgWJA4j6jKvO7WWo1c3iRA
BRONZE,I,a3t7YzeDkCC2lHvkyg4HlzWLLrxN0fV5ThV8T76GBB3GKhOfF8cu_2ObH1J40M63nN6bBuq1y1-DgQ
BRONZE,I,jP52L5kHi4pqMrkueJWM4sXlVBGL3Yprdfomg9g_SSCJz4I8SayO_4gt9qYSp7eNFHH0Q9lQDpksiw
BRONZE,I,mmWznmbJiVeQWIqqu5dEsxofCm5JgDqI_iFUemyOMJCW3OSHmf_rRyizEcRoB9vfFTLWlGVhfjJX5w
BRONZE,I,uLv1vCEk8QxSgVluKug_Fq5OVeIz_BwhcHuz6KO4W0r7VOgC1NgwXybltkSAZSyqLFiHbOUVHveJcA
BRONZE,I,TlMkI2GJxtxvEkshSuYH-RkXJHQfQrJAWwU58XzwCxIlMusm9Q7jxHpn-GusZLFR7pOG2aiwrHtv5A
BRONZE,I,L7ZC9U6orRFHD-FZ4DB8dWJZ8kjg9TPJ7m7JButLqbr2OuZtc8FqcDJVkwnba-sTWZ7SmNA5HNu1rA
BRONZE,I,mc4yM_Y_VC_e3dY8Fgbm_XWZnFdi-vgq0PeFUKhvFBX8HPfzGAKIoAEQaNWUr501aufSZxcjCMT7aw
BRONZE,I,VIT1R7vYOaXF3arvHC_dBk0w8rcetZ8PP2bKHGcz08p115DFYcyT4-bgydExGG-vn9pt65yAteyFaQ
BRONZE,I,VbHUBIAwmqQHNro5yprDjZORmzwoKiQkODNwGuUI79AE-FhYbHC67Ej_mH-XbK6tGdJLzSF11mvwsg
BRONZE,I,pPVid0MK__XnA8Vs4EenICIspGpQOMFEykqInQdnIOFW3d932BjHo0Odx0RbaZR9C2ReDz_Otcd70g
BRONZE,I,mjd_TVwPX2U4V_kLJLHyWnam_VybH_Sj93pWEUJryiukOWsSG8bCdeqmJ9atIGQP9qKve3JeMu6Ehg
BRONZE,I,DQFEJ9x9J5HbZvwmnh6R5tRNVFANa3xH0JXEYJoeRJLw_ouCgzMH2LtX0tgbkMZjw7uNqFQEfNKvfw
BRONZE,I,HLmcPAY65VR3Ku4sXX2rE7f_v2NhmDSfVmh6-Dsf9h_jJPTU7LfcBlV0RtF5gf-L2C-GPcpamyyqRA
BRONZE,I,5riERDcwC6oeMwiWEWpzNzN4Bz2u2sbk6trzHN26yTM8fMf_j4XdfuvY1k4WxcgyHs4SlXTyD17Cvw
BRONZE,I,DZCLw3P41BSWwkOYLx3n2mmE_ZPmgQmnJkgmVGY_Tm7jEBgF7WEt4JXKKVrICEEtGexRN_3Tp5RStA
BRONZE,I,af2zg8c21CNq_J1yy_h4eMFOULNWWrpiFVf4rcWyh0xVWE46MvVtrfOzAkZLnq0jToqTBsr6vfvyXg
BRONZE,I,ZOZDyxWwrU89lF2g92dmESb-Vwu5HACiqrL_oOQBqGUaB-OqVBpSnIBY5ScS-Zhvl5EUzKMJPSgK0A
BRONZE,I,1ncIgYx0332biKzuhPvhgE1HVaCwdHXXE5YXzuQOGQe4olEFRUTCWwLv-6gJyGfuoXn8BA7nJFroEg
BRONZE,I,SJs23RFdfAv5WExHquQYvzLK51_lQiIuDtGKSjrSp_oleGwzsHJbUIjqz637umoVqVgm7uEdpft2fw
BRONZE,I,lEHNiG0l7sLfmijGWibhzM_v9FRMQiEMVXLdiwonzWYwpLMoZK8I5A-ENyk70nW4f5QboDVXUZd_jQ
BRONZE,I,-i0NWiznP9pBRh-Eew71-CVfRpWlDSXh4RPFRvnk_OnTSS-aHS_SfB4ec2MLg2sL0H-4SBNmVZoOLA
BRONZE,I,Gn4cEEgE-ocbkCb4GfjmZB2YUf23cXOGkhhHpaIfGkq7KAOV0jr0f9xyf2XoRvcqCYTDF6zpkzs7eQ
BRONZE,I,pZJ-w_ByN-jrdEmGLRx3IRvZPLmYxRFvOw2OUU-BIysUyNoMYhkh7STgdjVQZ1g1phQKPPPSZvaiOA
BRONZE,I,8tfP0CJ-2IbYVs--S5LgeancL8Q6mCkKjSpEOID-y4aLrPjkvqtppYb7UEY1XseBs1Dq65CvGiDXRg
BRONZE,I,G1La-kHx0bj-OIlYtLluSwibNT095v4o9uS4N-EGMNDxNecl9NdOm-Jr4tHYe0xIwm9ZJ9vqLgxuVA
BRONZE,I,xdTSunw-Gjm0Exh_lq6u3dkuUVCfL52rmn0eT0eZjPqVm_rjUrh55B9yNm4F-DHcp3zSh9-8G87MwQ
BRONZE,I,psHuzI0xeohNXOdt-pWd0ddgOtpyKa9kg28CXa2m3ebr5RVMpyp6kxtuKGFjRXNZIKfO8PGKgdSmjA
BRONZE,I,YB8_uRe2gKSlq8uJrCxKC4tI954pGv_KUsNdqfNAVbfPPgr-3Bd931fqY0Nv3GgfYp9E-G2sfW9cHw
BRONZE,I,rYl824jYXwTpwCU-tnvQnZ1ZT_wHsR9D_g-ABEwetXJP0ZRia1hFdFZukqsYTN-Q2Ss1B3yPm4c0MA
BRONZE,I,xTjhn4YDAQoD2_2uyDobqpFj2L5XWi1qjGBLA0HKIIl9nwIE9wpZiozZrN8IbIPSYgvnnrbbgOLEZQ
BRONZE,I,vJ8rtGAlVf-ClcHVLW7QOa2T_1aWAbe8lMgudvVCjoNlacbJAA_GMZyLwI1czUlHGm_IB2ayfBrsjg
BRONZE,I,EW8_v4EkhdPdsiiEGQW03DkzBU8Psz1cf6TQXO09DsS3Lqu_-8UXpTIpED124WPM7uMHRBXivfvbXQ
BRONZE,I,Ogyh2rbpd13YvnzN1z0S17vOhSHHyXjR6IPVvnbAq9c6-1o8cQJLgwjeYNpqgnvE-xzvAeGF7Drz0Q
BRONZE,I,posl5BZkWnm5bfzOJZVUPi5P6_Kl6URq23bt0NSA3j2gYSGsgzGfCPkf5232-mAQClkBy0hnW2cAEw
BRONZE,I,90t4wDbWoqX704zYumD89sAegGj0tLaGgFlbsdJM5955s6OothUscPcmeSAd3s-DOFZwqkWpDkFWsg
BRONZE,I,3fZkEfx1AYbebDnbPFcgoGRNgZWq7hymvhiDxYvLcLu0rzIuWgCE1rYrVKk9mtCVEF_MQWCvqfbA6w
BRONZE,I,y36fqafkdoZgxkILboNROXI8aFhRCOOmko6YHA74VNPkv1HU6UKGbDN_PciBJIjpc-iNWcrXli1Nww
BRONZE,I,oh_MWplmvioxotJRicR6H6g6B6eY2ea-xN04P_Yy4ry9oRTnC37wJXfxWAfqsFz2PxXojDWLIMPM3Q
BRONZE,I,4Hm-uFMX2NNZiFvH4qLGJSZYE5zEIwNYhroO9SnALzFcBgymhamsSne6wikMlbgB7Z9XlbdvVRGZTw
BRONZE,I,zBkzAV72fGorvsMLsYbVd7D8cpTElcGA6QWy1wWo5NuN-TK7tdT03L4FsbOeqbXvFLPgKrsyka9rfw
BRONZE,I,547admn_hz2A4sBFFhpbTl_WX776xVq1b4UgAVfkR6qefpNUn_k2BXxV_FL8rKefuTRbitZgmy235Q
BRONZE,I,WYM-D7vYgygDTaYJ6KE1vyB2F_2FVXZ0R3BwPMtC19GWVMSCx0znVe3DkEh0ALeXLG5vFs0ylMlhpQ
BRONZE,I,m3-QCPmjiV1XN_BkJmbBzTulq-UyK9AZaS8WgNNREHIqnIkWJ_JfWvc7V5jsLDEu_IrUbsR1Fkbrwg
BRONZE,I,TQ-bK3o-RXG6_QbVfydKrBO1PJOL3ljCU62jdp2BrxEEvO80W5h7jxVxiv66SjUYJi6Mr9G-Ts_MGg
BRONZE,I,Cr-xxptS6cDGF4oGdmvFo6osxHB8jO91AldDpTg7jd-j-r5giX4gWaAuYwQqR6XLHQ1VeKYFTX67-w
BRONZE,I,JPVGNBAGasGymYWS-z9o_l4KMTsZVQMqrmXSn80zHwwWnEOPeyg_KixK9GEWK1X_-OcaCNje1cw4pw
BRONZE,I,QVN9E0qAgD5sU-5PrJSvXCbwGus4xpOBqlTKU-UaB-s4x_xf6zOwMm2Ngmp9m2O0iyq0Q43ggNdOnA
BRONZE,I,gnhalqxcgsG4JYFas1dk4N8BD3BEq21yWrLD47h-k7KGHa4JishuPPKEuC0mTkgMXb914jSE0_C7Vw
BRONZE,I,z3kCCnZw3r-0zKNllzNG8m9R-Qy6biYNTcgpYWk6LWEhWGXN1jKeDTQEuD1snJ8Hx_dhLvvNmcDUfg
BRONZE,I,db3ZD2_fTqho75L5lNUFmEi35JzaNJ42Wlh6_WdtQbtvEEMAS4HPul99pHSrzluGwqxPm_XPiROBeQ
BRONZE,I,DC_O7qAXTINX2upMtqmGb00KCqzylAYYcEDYo7pjZsadhnHmxNbzhr1pSe0U_yb--HbypwVEXNVo4A
BRONZE,I,db5Kp4Z1CSX6Ax6YeE0aQeNyo3tLUqoBqITS-DE890SccXDHoVi11oFNzfcdKnFko8alE-WkAVJcMA
BRONZE,I,w7-WdqS588lQjBB-C-lDpT_SebU4j99tOM7lHKqsThtRI9iyOqRxP_RMNuPzKFtD_oaax5hZ90JH8Q
BRONZE,II,PsiW7IIGi5EvB3faP0iWK08DgfL_RLcLsJJnKx5xuG_QquQO6viQxEkECA8wlvnF1DHrDwI8UPMmEQ
BRONZE,II,Y3IO1uu5YlRwCygAIPR9SXV7PkmMYB0pUq2GZbEYJ2L5cUey2KI4JUMnJOSl5MUDsqHEpYeFEltuTg
BRONZE,II,iScuTHkkPCEu24pLNjdJUmZsZbJvhRDwugez3-HWmvB9idXqOflW5h6dqM9FL79nI-hSIexf67GJfg
BRONZE,II,ai62HKL6-4J_qJVlLIwDjr-oskQTtqkKtFhoxNnJ82uj83oEtm-HnScsB4riAvDqEfkwa3wQJwrvTw
BRONZE,II,k11MGy1nYEIfB1_bqQ0bUUBieTIFtGeYSbmRDwvk9cp0ZK9m-DKVJvhg5KKbvyCa1dLBwi45cJ_-zw
BRONZE,II,c7VfZq1x7vMlQUkE9of5Vl5Uo5dyPgZmOQn_iMFJjmrMLylH1CHmBkISwhq5XxKBSCXtf7qn_QwA2A
BRONZE,II,p5IG4ZAZjgclfpJ3dp5LEkolxEppjSCaYK29AEezvkdRpXurXrfddHRUFhcI7a4NMYJn-C0W862olQ
BRONZE,II,FxD-s8MmjV3je_bHtvPJ8pyCwhRRZub1TCnYcOzgavBczgvbKluR9Ih_TCRNI1msQr-iNCFIvZMiJQ
BRONZE,II,Bezevdk7OKh4MN-s5BpjmQQaMz9yEIl4ekWBv8YHJ48LWX0Xty1FjeL4WGPDAfiU3B5UTKUj5Bi48w
BRONZE,II,wjs75N0q0urjlj8iGf4r8aUfPqGerZy0-fdGq1cyjV1oxN2ukJ-7qZc0q7DjbB877MVIm8yfiwJIfA
BRONZE,II,xwJbLMJVAB3Lj-MwCGla3VLpgpkWOzAt8pZU0ePi5Ha3n7Ev55827tCm1DE8BczjLyFf-CGrBFC_Bg
BRONZE,II,8GgvCGIO62QFYIROBPZ-n-9AZ-JoKURD5a_Tvbvbx55DyzwlUa2Bp-kiCKj6E0OeEThE1XgiaXdD9g
BRONZE,II,BGsuKCgBDp0A_yZk4quhKU86Qt-yE4cn975CIj8piPPdGnHcZXWw0yR6V5GWyFOllZKq3-YtOyPGdA
BRONZE,II,VjXID9TF5D35m6jpN5qPLn03-bECuAg_oSXqTuc6TFD0_9KDI3t1RV6Dc376rA7JO0q81v8t6Ffugw
BRONZE,II,8vmtuYPlum2-B2_T4QGIl3A8XlZFtTL8bXiEUC4RQPwhY1EtySPMq6rEBwdsBuf0DX9BIyJXoInOYg
BRONZE,II,-hpbJsRu4oKsYaqHJaTTUXN4P0xPPmlNI7kxIADYUs54PYJUO3qfwbJt7CZQ9w5nE2rwrRV2LQbspQ
BRONZE,II,aLV99WusdiWEl2J-bZgi1EVAYKpzFw8YetxLkHqf4s6-PBz424-AK2Nq3AqfgdZXBQWZ796Fg29Nmw
BRONZE,II,No_PjLz8igkgdsarwXLbm8uSq_oMEXAVKsv4PL2Xua_xVvnRELzaX137MRk6TTBRSAb0zJDnpg4jhw
BRONZE,II,lxdpEcG4XCjJ74H-_y8tx-6bk0PQyDp70RGWT7FFAX6rH8dNZkD7ZlqLVdR_T93t5pWhpOnuyk_KpA
BRONZE,II,wYZRbkEskeB0-TisKe1SCV4AdVQ40h1Jytc5jEq6gwi38aGkQjhTvqJq5DQvB_OutRNUenpU8IQo0w
BRONZE,II,UYeg1fQMPT93ZDiC4QL-NnOtIHJbwP52B31dnJskHjlM18ZE756b3f95hi_wY4TEs32mSTs-sF3Mgg
BRONZE,II,7iW_vvf5Ll4ac_lkksy1qpEr-Im_HH_l55r5GW_hOd4VrIfbaFT13GSPpFDcMO6wKccyGGPl7B--2w
BRONZE,II,FQ8eY6e0OE8ddQ_nKngr-RZJ9RzzEbw-arYD8yvtexVBUEGSQBle2kF6atxERjAf9y83NfwDcRP9iQ
BRONZE,II,bUbQPu9GeYTZAUPAqiTmL_s65RZdEi1O5jgNZKPsagSG4sLOmG0z-m0LfPs0VddXSoeVhfLTVYT_Kw
BRONZE,II,K76_7X3bJ-gvlvhtNITDmVmy-KCvhe-9hElMFoVWWJ_tthEpJihIXQsmCOuKrhqQSczl9JzCJ24zMg
BRONZE,II,OHVKsUGvsn4guj1NbuS8VQrgCuZ-CTowOHWGf5wtNyta7wuXztFvxh7zQ9Zuqq1ipzkPTmwj7tYBng
BRONZE,II,WRZbMpCR6h-HOMOIAiZ0LZwcJctnI156fxFJkWbqYvIFPkB99nqaksh0fZap4b6wniBorDjW94nZUA
BRONZE,II,DRfa8Ye1ARjk_3PAo8i1GDOVgYmEwNImZn6ChxsMXADFeeTsBxXrS4FeyuC6jcCGY3Y8G85qsU71lg
BRONZE,II,69VD04jrwQu2gCCSDWi-vm00Nd8lf9Bp0H1b0gLsRfLzAeRkxZiqT8d-u1in1it6HQo1g60j_VPvZA
BRONZE,II,KU92QdnNbBmPNMFwKbIim4cgGG6H61JcifI9JISMqkouVt85TFu7tQw0fNAZHJHQKqh8oKFhNBhDoQ
BRONZE,II,wIqV583rbv-WgHg9K7ggUSM9nrJ6HdNN1V4mU2WwIUv7697_6nVdrPQpYQaAEfx4J3gmLd4V_1OleQ
BRONZE,II,1it9tj60vkyazLRym0sWW_8pttpK_7JOEAgEgyrXt4fIz6qnPRDY9V0ke7u0rgxQA9rQRDC-VICGVQ
BRONZE,II,7BtMH7Fi8q_fknA2ljsmSyNLuFzBUVrFhA0w4QyVsZx2g8K0ubA2PRxlPQxE9Xax31gxbvxhCBKtMw
BRONZE,II,AZUDJNLB969hiOUzrl1DrcfBf00gqGAuYQuLyG8_PF_yutiS_SsIuYOOscrZHrqwMKSADZJey849XQ
BRONZE,II,eAxPnO9U0poxpBcBhLGK0ipKEQUNUOQKMTmLv57bTG8DkPbL4HQeGScEnSuyL9Y8PbnN1-0C_k2Jeg
BRONZE,II,LPb7u7sueKYvzUvHtanf4kqDnciIgdxIrf8S1QgzIzQ7slyTrdM1GY99W2o5cEFe7_iA0wdo8bmh5w
BRONZE,II,Z2lKw3qKdtlzhUYErB5_Oye8vxu0L_Wa9EHVAPvJZXhP694OCR7Tv8xw96Z6kA_7ghDQ1CbyCG8amA
BRONZE,II,jtOOLnnf2f8QLTQi_8miY_FT1HT0El901c887UWI6r8hBcKeQauvz1_GxW49liU6wk795JNYKCBm7w
BRONZE,II,NTqHF2kqXA4Ji0cnSQ7cI-gHU2Ge7iwlaH9X0gWpauX5c1GlV4CdjI_QQCT-1Cffrxv1xGg8_pwK7g
BRONZE,II,nxs3tqht5dECHzdWhXOlfeHvqC4z7ErxCp0AonhPvsj2vbY2sTdcLtHyBcUilIZA-x94DGBC-ntyTg
BRONZE,II,JzUZmbjqI4EHGwDKiMZanYRPxAZVh7Y3LohADx8hpNaBtVZod91UbK53jV0qAXLMhsIUpnMCcdPykA
BRONZE,II,ivSCrfmoLi4TTKb_9Wk9jDQxbLIqlUi3IqSDrzHjKI8RYUUN12e9jDNu0SeFxmcgYPw3QxaE_UgviQ
BRONZE,II,a9f7fA9_BCVlmRUvQgyYl9fXs4DJ2rcnFu1e8EXRlhdToNKxTgtG8eIMMkzdtzJ8Y0FBKzwxhhVK8A
BRONZE,II,XnLoqIkxla4x5Pj-06_sZf2BadVc5DbQNmTE_uo0lUhW25oNAxB6K9A756RctDyCcm7MqaS2RP0F-Q
BRONZE,II,LKq551AK4K9I9nz64rICK72a2KYcOV1wQGol7Q8v8oAwoW64e85J1Rw6BVIEDvpTElK7H3IV7NqCTA
BRONZE,II,FPvKF5_uJHh-zpkQ-ZDvZXbcPophrsmUnPKRRs9j7kc7FzlJigkzteWKLhAE9jEFn96be8TEa4BCLQ
BRONZE,II,vCmczjPKYThzpfMpXEYfP9JR3_j1QKmNCK_hEA0DEFAJ-YDq9VWlc6X8eRMSU38Wq52OVynlfxpDwA
BRONZE,II,UdtwntpNsLWBQemX1OFD-TPSLT4McLxvfFW8EaRfm4T8cw-CkB8ttl0bNSKeFSF7o7aVG0QKUf9PwQ
BRONZE,II,olvveniZPHRXcVi3w1crm7hX03M7UOrN6E6J6yO8dJybo0TBoagRSLPukV_08R6MPpDPtfHn7E0Jgw
BRONZE,II,VsjX5G14OvsRxuvAGTGvcI-Ey94K9TUgwLcHSzom-OI-Gz-bJOuB722id3saCb8nBE20bCI0HbyQcg
BRONZE,II,Jy-Aj2m4nod5iby8piDVDwKHzhzKjZZPors-VzWLD3pEnWbkRvWYjphlZMilOGluNiycvi8JkzYpvg
BRONZE,II,x_NCGHjBPReTz1Qe5vgghGS59WItKEWtNmVsUKTP3935cGR5YLjP5cy7viTG00gqo3r6LI6baM5c-Q
BRONZE,II,V7Jz48Afr9sA-seiIPnZ7Uk82OeN_wzmzmJ2wBTB3U8ig4ZW4JHZjv4fxt-IEpJt7xiUGOBR14tYMA
BRONZE,II,rzQvO74QA5BrkzsRBxtBt4vbuzwFJGQA-C_lhdUoC1A36759FcnixyriMmbbYtB7ZoqEh0YBZvbKBA
BRONZE,II,5w4FcwEgyHf7aaqk4Xpi3bV0BVR97LV_1UpBi1kEeZ2XdDVkP2qKzGlXzr8aKdlaTXn_Fp_9JXotpA
BRONZE,II,tedtGf-8xpwGv1ZULutJ-a_gzGp8z1_-ovWoFqUEqA1IZ4Rdupg-KwKzj3iC8M_fVSVmGwo4WBgL_g
BRONZE,II,ebKYT157w9rpM9mXUyMZiGJI6K8nBHcQmZYV6BA9XadLhHbOrAZwQCohXhqfEnJ2ZaMp_h9f9uifMQ
BRONZE,II,PtL516MMqgqeOrb8woKUfpeCEIMjeJID0myFxvKH2juqn_h0BQJWFdUfGGSNwXdbdGcywry3afuMsQ
BRONZE,II,jW9X3voHpnQCR1l-TBwLFIhHhaB0t5kSdtVoQcc-x20GDjUHpyC-Ala5A6b2nOcwRaNDeULh0ucEpg
BRONZE,II,87oO1AdZ1xf9hNEUrhfX_df9RSTsNvET3Le68hJ8ySUy3ZbmRQkRAZM9mi5jRvCt7HGN_ceH6gkISg
BRONZE,II,h_TRCw5MPlAKatvNb_t-wuFJAM1GEFx4z8NkMpXQd5VTL8CSdvV04bjFMU79CKMwxHbuKcuy3OeaLw
BRONZE,II,cJMgoWzO0M6jc_H_avJJM6DH1LL7zysIDccWscbHyoLO25ntC-TyLUc9YFV6oxrru5Vc69lwStuBew
BRONZE,II,dfACzImRWogPJEQVSsAeXyXxe1hVcKxg63FSXPmOgz1ejXeOYuV0pXE_OO6mgtRKu48eTieiGh957w
BRONZE,II,QaOMA3-Eogj5MLZjKpStW-tWJdAu0aquJPEZw_xErGuofqG-HNGNp4ZvwWZBkTTf6scOfXQKMtdGJA
BRONZE,II,EWNDQ0k555jGSpYr7o9Sbh0P0QgtRus8kuaWl8znVEMTlMUJqHzpIGtjd29gehlTDrb1rEEYAz-pkA
BRONZE,II,5brmK_c1AN2QvZm3yAoRx1lXzpMWDrniv0Pg2EVIEOT9p89zT1sfMYMcXrmVTpiiQERbNGSuj0d4wA
BRONZE,II,zW-K1HbfCRk12yYdTH8TvMfMEDI-5FyHCaxD_YqYqYEJEln5qAI1lhr__4O3WE0aHVEbKxR8TsHiFg
BRONZE,II,4eUclrHg83rWekjQ3uT02NlM7p60zmHj_uAurvoaSLAMwK_1CUJKOrafQBDBD9_Pi1UaAOwz63GJGw
BRONZE,II,qMaNnITnkU5DgooqEoFLJj7tDRNBFrKE42a7H7qQjuyNbVS4leHVbhEcjJzyC2P1Bi4Wo5jv-JOR2g
BRONZE,II,WJ8sd9MZGqo1tAXbwiLaIXAG50g51crGeNpvi9q_QMjKuzWAKIOr8s2OR6ANKKMzsSupWHCfVv7UBg
BRONZE,II,CO1QO39HMVi5FSVuQ-az9sGD5ntI2z1GBMKaeeZRUiN1y4luzVDwq47tyT-iSKYnACM1XTAd39SH5A
BRONZE,II,FNVe0LyVEtuR_w7qejvggIL4cR-EwRo57nnXtaWW_YcoBEsteCwp9yiWjWJ7KIVar-8dxVVn6zIG-g
BRONZE,II,nGntraSYvX6IRLXjJgRHa_YXYSD4YWl-CshBx1gORVGLeK9QcY6RFgnWnE8ezDF415CtW6kUDyiFfA
BRONZE,II,73Z7xr790UYdrlIro5du94XyzwAy5KZLI7V4gYXlOyveYUvQiwWBJE4NBZtmuH3OU4ye_UFmq02uKw
BRONZE,II,AxrPbL1_kK6CbPHbqcsQqEufqZdIyydK5VkWRZpICJoZPcjif7ZmXTQuBujEcdFo_FWovKQnRcJYoQ
BRONZE,II,tRg3MKaiUl_PEut6bN5nB__WjL_OoxpnpAOmka6ogh0jsQKYOsZiHjjp4BWYGH3dP99SUlLdwtkT5A
BRONZE,II,opK_jzptBTcwX5xbJV5paC5FbSCMLD85ahQGtsT2KN6ZO3sVjX7sj-JOEJRQlfHIQ3vbgQQw2qHweA
BRONZE,II,7c4QpTvgk3RAp1LlWFftvK-8mLyX3X42vWXq7YT_MV7T7L0kLGOunhFjGe-A4W1d-DV0lCeQkNa0gA
BRONZE,II,xqjurJD63ab80-fsq4_ar7_BgReRlwBnRqavhB_tYCRP_Xk9KhJgS6lYgeaabobECZQqTWHdFJmFBQ
BRONZE,II,GQPeMp2dbb3paGGa806ZxRjqGU69mb49uvhQAAAYW06iM1_agbk7g3wbpyCh_cYOuBZo8gqVbXqvhg
BRONZE,II,ow7y8dlnw0z91QDzKyZbMYi5WJ126NxUm5XV3iTjqxiONGDfhRNehkdQmaL5HhO1DVpwMsN9TlE_Jg
BRONZE,II,tkudD8cRvvC9wSwrD8B-qFl8uTlfLMdYF1ErkzLLizQb5XXizQCPkWG_8hTYRsQlGDb1vKDfcxAKBA
BRONZE,II,WHORj9Cu5Db6ytRsXp33xwQCP0eRMFUS1Zvoi2hc4mhaueTMJyG89S1jy7fYI-Q7Sc6HOBygWYSc_Q
BRONZE,II,CBSd5u_Z1xdPcQrHte6b2vMar5IiaNKZHoczIuqvvOvbSU1fFgD0z82wI0zTzdvFtwaFF3jWnkudlw
BRONZE,II,_99QCT2uVs8JxlL6G-W9EUXAWVm3OOgR5-xX8dEVVBM5m3WDKz4MNyItTAXwbd1wPE-EZdASfB0BZg
BRONZE,II,lzeZrKbYhwX1N32onhcv0mE_ZFnZiNbWIOmLAQxxWANBYzXf0_TFbY4hDYH63pmSOYK4LK3S_bOtgA
BRONZE,II,PCwHtLif6KekY4n-QtseVeAHXJDEjnuJjLjc_-rcnoNn2B7ClpCUPmKSa82eBm4QqdwqGKLAhJF9Nw
BRONZE,II,hvxN0yWeICxnOCpjMy5-OcsDD__SCocEpgQDnOAIsTEltbZTecMP1MZw9PKyBHTOjr1T34OYUgYeKQ
BRONZE,II,92JU7f8cOHd08357I1OJgIMty5WVlG4phpMd_ZajBM5xZ4F2zGuEQ8qOE6T5fb2ZgBon3MMUQ9-nyQ
BRONZE,II,OsaWuFJkxdqgROkighOdNFT_CWgnGkbt96kc6ylYZv2b7fyBFFym7lndaouWcBu5B1amDyoSULdtag
BRONZE,II,n3ZXy1vwyQJDgLU5iCKA2zMJ89HQihewPZz-zWnJV1lflg1nZgKSBiyqKlrP7daEXcOuHq4LiR7AUg
BRONZE,II,61DnRp7QWf72AxlZBYfvGFLH1rCnIMClzaYBwNR-TUF2pijJnqN_ePGeg8fTYMUCm6_inHa6XD3Vrw
BRONZE,II,sS_3e40k6Qp3QObPDNE0j8SpSFC46sYB1p2cLHbNCJVOS01LjmApfo7w0jMwdg20OML9v9kinEKN-w
BRONZE,II,jX3kqx_jzPec7CyR7oFXxPisZ2TwBcOGNyWjU1u-NRV5vzRU_YXc7lKrZyleKvCbHNfuXKPUMFt6xA
BRONZE,II,svIGprvKoq85QhgpCm_4-3TY3g91HDCuee-oTSfNNmH094tPHLm1BwEUiUCyvtMtXCzG2eEz0FQVXg
BRONZE,II,fHk2kvDGta4U1Dx8lRxWoYedp2enlhKtkN8Ci-xjgDH-YB8yCALhEWaX0h9SdOAAGRUIol_1AoGtvg
BRONZE,II,qOZ7qTYPvSSfDwEAxk4y8qQ2iaDCgKR4qIHhmXgtb-E5aW53G4qN-RO-VFRvYWarrCu2VdWwrC2SHQ
BRONZE,II,G0WrbZ9lGs_fML-VkoBRvK_YVGDsWOj524msvbUdT14zR4nP6qJygFYnXCRKnbgb2A-w5U-yF3R4kg
BRONZE,II,33JmlLBCoA_XNJrcpbPpbTGaSaISpVt9-EmgeFe7ThOLRvAK63wlOucDkMy5aLfIWifuBBR7CoF6Sg
BRONZE,II,d9v4aLEt_FLyvuTp_caG3azp6WC9DYzngUAbrG-c2-Xy-b0FIP1g8Mxq2WwoNtDYGTp1MfosXQWOTw
BRONZE,II,km4S7MjA-_X17d8Yi8LoKKmzxtLv0WieIPeoEdkwp6fxbmfLUZpTL-9g5q3Pmbh2Q9YQy0bYsM5ChA
BRONZE,II,Gbjmp-dpj0ZOMred7VaREEBfW1Q8qCKCb7CsoGBiMsfanrr-x6eI7ET35pnJ-Yad7DGJgnoRcDlkJQ
BRONZE,II,fjCcl3o0-afdPnz42bjAUZ0vvELddX_0uSKzMoIv3-RfU1rQkqZubCh9Mv7Jy-0FWnYyE6Kr-CuHzA
BRONZE,II,0Ak9w1yRPPIrfF92tkmA9hmKn5XFMDaEryreKypdTa2HFvuOxnaW9SfbfKu0566gqVN9Csucsl8iow
BRONZE,II,PvR4VapfBMQTz1OJ0KBoYgugUECBgIQoCXoxVvVFbjf92xGcCv7Oxd1nKhJ7YrH0IcZNM0ofFyjRKQ
BRONZE,II,B-uYQuVORlUujEGS2CcTu2PvZshDL6pWc3kO0arYMowEEoKPszvyq6OK9dEvG-hUq2HfOne8F5wS1A
BRONZE,II,ga9RPJui-vFLeh7rc8qojIHhdUUyv3noiMk16tAwONgUB47GUBibj5pD9mgcjU3KcvOeJCmlpn0Eqw
BRONZE,II,qss4wkJT35aub8n4NqK9DoS-r6cixb--LIafhIvDoAU5rrSjXndVgybEAXSh20mrPj770SDpancoSQ
BRONZE,II,iv-oY_qyhJDIHngQA2ZEuCqU_U7AakvU4-Zjfm9d1ruRj-IAZ-5WLEdHsdhDNsiT4OyGD3Ng3sncVA
BRONZE,II,rl894KIPSUXOgzEauThHDnmZCMMxcF_kHrg5axwscLK3gBqlJKYT4JTsYfg6b4NasTw4pF6qJA_5Dw
BRONZE,II,BAKryi4ZaKNvWjaqp7XVC4KsHDygUSq33uh_uSuKpntuNReEBbnhj6q07kJ3AIbOxNYuQ5K6Xl9kMw
BRONZE,II,DsmRsT8Xq2WnyxpIx-_DIgjoLuSVPzZxnRpd-8ISrhsJn4XPk86Cp5Jp1SV1MxH_e_9vU-mZB4w8eQ
BRONZE,II,sdgUxE9NNDuyh6hqkzKmUbJzBSqEgTyWdykWzx0UZtQ08uYbhPH7CuWpxtMmP5wHnyIBfKLkVZ2w4Q
BRONZE,II,TK7clkO7ZhAhpkGmEfXwWsXEjNDKEaKsfE6mciHtvV2ma7zBOlYethr64qFxgOZHhL67w7lP_7Lq0A
BRONZE,II,VJGYudj7BxJ66PpXftVLhYQIKX4LUVek_cJOqVGjsFsq7ZSS7hwi72HhoV7BJ_lgt-VGwsdiBwT8MQ
BRONZE,II,R9SDdl-IwEDZlJAjX0cjY1QkU-kvK2fI_KzfiQo1Yip6jrkkdcNTG11pBPps4SupnOoEHL1nKbG05A
BRONZE,II,WirGDGVrsqvjDTu8RA3YhBayvWm-Jk5irQtlZgKvLwgzrJRZTkcmZk1dBiw9kKIQT74rbcxtVTdqBg
BRONZE,II,9KDyw_apTgQYvrcbsumrcaEEm19MDedf6_-7g-NUzbz7-ci34MCxoB1CVbccNkiCMQcI-GWZvtAgnA
BRONZE,II,0szUNNfmj70PN_MjGmcQVNDSzDqpVItl0CDYMoeRx8Ki7-aQEMvOb1I_zHU5sPHEJobJE1eT1PnocA
BRONZE,II,ddvhbpCbndscT4UxD54_dOruPgWMuN8TKDFAF7GfoVixiAfb9Ia5En46KLgmK08ywOy_PCq-Qato3Q
BRONZE,II,jd6hNmLZNpRxQ85RG-W7eU0Tcd6jiDXLktySDIUSlEpjjnINz7Ex4voEF_fH6a0hP_C9gYZfxiAMCg
BRONZE,II,E3oenmLGN-gvsS6j4RSvvqpToDxPszcL_NxFognQVMQ3qbDyacY9Yx_EOeYqLjSZrL8pv7gaxsjFXg
BRONZE,II,b0W6bJn3dT0NnISnFkBW1XOTr9QXwqQ2rYg3vcpNbTJPPed29UZ8zmZjXZJwcWu5OoLYpg1EAcj-VQ
BRONZE,II,KmMTEZ4M7-UTw_KlEqudZ-v_qoCiHZPgj0bZfNzNOveT8Mt5DDDbMM3xzQyH7163KbbwujLMk9RORg
BRONZE,II,Z9ScruIRfX4gpqePKnjKs01j0giXXsSb9ZEdobvlmERYz8wFrAqzuAdtdQ6yYLlbNCD2IzEoC6Wbug
BRONZE,II,gDRSaMvEtD0o-6BB3cS7eTume1JNa6RvGBl0wamKFPTjm-Md_M14KCHQOagEeCcEYad2Db30wB5iMQ
BRONZE,II,qHCYhtLaK7uWalzb8Ijv-dA0TNilfpqDUZszZZ3Q-NXo-xRG5n9MSLu_UXSjd2avQmU4DLO_dOgtAQ
BRONZE,II,qwr0ekQ7CvdB16drIISHZsfAWzSxsd4ZDCrekzDJBpB7Hjnisjoc0ikU4296baIqU5PlYUp6tRf7gw
BRONZE,II,id0GbAIsBfHHo7OjKDl5G3QQexo8N2D76T6vJacNTCwn4sJe4_FqCo54pE8zUtT9bFyiksLNKjsxAw
BRONZE,II,qnG7F_MDhSAssDQZ8wzzEgbM_2uFj5btbyr4xK5PKlwdD3ZCwYVijOivPwPZZZ6R8HwiTM50grjVJA
BRONZE,II,A-z5V3RpGOlhQrtZjTvB8iKchsJxcB3dYhy99tTgt_fb3Wi8jiAvumIL4J4BXgU9VxsXFigsSODBxw
BRONZE,II,CyD2Ad3c6TmbCvevkBSe0lwOQUEadepG7gS925JXBAuY9zgKdBwY2JhEYQIduXB_mgPfWjAuXNKn_A
BRONZE,II,yA9vcky7irXX3y1XtSIPpbRHIRRfv0Z29Lzyh0sOm2fILFHK0Wttkwv59SMk3yOV6CpJLfiwKXeiEg
BRONZE,II,SkMsjvdCwklBAn_OxOsTuFoTU7rk5FDi2xrb10C-VAr8KXWlChKdfsiJQlo1x-i2d9zEbUplO-T4JA
BRONZE,II,7jJ_0s8FD3r3FqVKvMOsOw7Mxx-D6JJSoLZiQGUl4j6l2UDTiBIgjiqNZ9JvXQMBqnEVzNZx7o-LwA
BRONZE,II,H-7RJCVS0vZn4hTyW3soPuUKmzLeFBmobSxK-M0dZxzvDwpS08Skb_MRMBVkauuAxhZV976HBaGnpQ
BRONZE,II,GkkYFnnvLEbGW-HDGpGZm01O9dg-F3ohL3XkDCo63B6YKRXYdGvU2oQ1DbSays8pDYuay_Liv54UIg
BRONZE,II,zLsLeooz2x_aHcJzr8u-EEIRmYUQJ87tcgny79CgWtgpxGz754TBMwBsYhRr3mpNr6ihtdbkdTD7KQ
BRONZE,II,hKqcgCjdBpA7KVsPAWNn1MGLvorv-TwgA_43TzjtZQegYuRMUxcrm3tWPbzoB85JTmCUO1zk1xrAUA
BRONZE,II,bqZ7DEmD4xHSJei0LBeht1txrBTgg3TgKiezauU7OIQBz_OVPm1bs26jAlIUtRIhHLqeC_I2RHAZHw
BRONZE,II,PLGYsBEjzrSxlJ77llZc0wjkW655TYrk7bTkDyYz8v6DdzFO0G9nXtGS8AVwAKKzndIiV3U6VXXQEg
BRONZE,II,ptxnudR-VU8j1l-VhLLiuNzQvB5AKyMJ4ghZFvhXkJQOlB2OW41kA5S9FDBs0EGqmOfiGN_qS-CsVg
BRONZE,II,xBXSSz0x790GKv3hKfT1XYXOmgX-eHV2F5qaqMr1P7fo82OmZ4QF-_yD2GDCfE09toA8Z1bbJjmJqg
BRONZE,II,paWAofW_diiY2dinGam2pGVTaYTU8edIHbPfJ9wNYetZHIwOCbS-mjeoImycdGwEj_WhLc2z-y-tbw
BRONZE,II,NQEEoR-QxTVvmLhCAcCjNLv77iViXkOS8d52XiB1OKfq6wGPsSZm9JwgPa4R6Iv84Odx6_Msde7_PA
BRONZE,II,yhumE544xpgyM2XibsDx38_Sdk1EaZY9Tl9m0qi4tC2UY5KNmkER3k_e7QHiey1dyskah2Oq4sW_qg
BRONZE,II,QgeCcIh0xAdlAUzhbQKI9XJE9j7pK9KoxFHe6QRgAVkxXjKPV6bWRcoFEf6odWqy8rdr0kraYT5uoA
BRONZE,II,_SjER_S0nWSS5z93oRyejMcX3C0qfzND-pQdl-fx2HXUjdXxmlYqOH4IyRDNIHIniCyXdD-6FPEH7A
BRONZE,II,Td7h-2APGg0Hfz5UmMtHpUceuEdahybHv04V1CwHa-nqovD6dEVwHPeI2rKvlGYtn_CkiPV61AfELw
BRONZE,II,DD5IxslMU84zfiplLTmHPPAkWLf7u9W6Za2Z6_8xWVYmqFEgSlTMGL_qL6hqTxls1A9pcdC476yHfA
BRONZE,II,cFUi5SaXxa2XIQvkmO8BpsoJHg-hGZGtHWmanZwJauTE24xccl-mwoP-47mfNEtRQgXLhD1AcmpLig
BRONZE,II,SYxxIxT5BoLMhoUrJbYuiLqwVAwR5nuQMPMR8Olgs4pq7KPNurL1PzqMfCZjQQq8mpTiw0rlVgGmrQ
BRONZE,II,AgAad_yGx9JMGKbjaGKwyPTCTJofCFfGeleBT7fe7Jbe-buLkDdteMzUguYDmrtqro6J4I_AIlpg2w
BRONZE,II,m68S-JDIBc_xLjiwESU2XuoB4DpzCfAaPv37LCCiAwXBs7L4tRPfPZQO4CJBUVRazCeHpaTpZtzCZA
BRONZE,II,pFx4GlL_KvgU-R5yHKNhU2ZXAkX--DKZnIdq1tFCmNqriVSvB7Gq4Kxyik2wev9hIXWXHnySPFX-2A
BRONZE,II,Y_xJCYtRqxY9eUUElv8sSaL_cY_oqA5F12dpiqWvHiyG81K6IFGYQlqSjMoPcZh0YZEr0-G1LPJJqg
BRONZE,II,pYjeonLp4WCEsNMJ2p8jInqXaR8nr9Wnv54WO2Q3pzyuMey2kJDdmJ6IJksq61X6a-BcvAZwvBjKpA
BRONZE,II,ehWgS4SmI_FAkQqhOkPmqiLno5sex-utOUcoVq3mHwxKXliBEg90Szt_K2OuKaCJPPcBQhkoITiw7A
BRONZE,II,OkY82BUhrZtSI54funJ6H7w0aJA4nZSnbTCFvCIY8NFtXUCVI4ysenzPgjsVKHRwXIEWW7pdp_N1WA
BRONZE,II,Cvx5JL7fnnbC3o35YQXgTyOazSl7n_K1HXlbaR6wA_3oMkFVZ1_xivJ-582f6ADyCMvwBGp3xZ9XIA
BRONZE,II,DlizcSpyjkXERHAH080ZhQUc9_VmAhEfFLyNSeoqJ5X0CKDWYFr1CpGcVUUKvfMabeSBmD4exs0V8A
BRONZE,II,jo2Q_F1_qj-EY_mTHvQWe-91yQu__otR3xJ_pgD8zbo5oXOE2HBxeFcraNMOFz4h5k12gLVOyGXztg
BRONZE,II,RqaGYnQi8RVQomfyyLYxPlXYrbzh7Rf8pxm7iuuYozVjNClpgzyEIEcnSHyzQLGw2vT2-dFxb-AArQ
BRONZE,II,87aoh_iTV0m7CbaZSOUdczyNfjRDvYUcFd0ftRd3gpNpToF04onSc6r8DCSQU6gkWaw2leM5VrBC8Q
BRONZE,II,rvPHCsWRQEMPknTtV5bwrm2YhFzhAOjQkENPRcoEhs7TFh2fiUKkkXzCTPKTpTQsKfYG6a2Fk95F0g
BRONZE,II,LVoBvDlSPnwkxdtFdtPwktiUiHyWHx2xggkttrRAPOG5rPvjEh0dWcTMz8wGvhslepJON3-T0XEnpA
BRONZE,II,hP9TsMA1k8uEHmWiqWCHSywR3Qn0-xOdVn7ahOUzQAcxUD7DuGepFh_fqzVxaDzmMKNHH-DC1T9vBw
BRONZE,II,MqNzZ_oImIerbOcOqjlqBvLxI-oqFor9t80qLBfLFXW4xPnUC3kVOLntS37xKxcMHV3rInBwY80A2A
BRONZE,II,8rPCGdUAwo8lE_0TEALEUjYjBndhhUHuO5oBVtls2nO3tsy8C5yd0UGpr2Oe8mZL029PZyX_Y97DzA
BRONZE,II,8zDDmlxThdVoonHBF_RzVGAIL-xzp-Te78RnVjKdqIZk-qgULrSrf8IvoXenZdAGL0hpR8xepIArNA
BRONZE,II,4UX6jKrDW8j6PeGvpC0kfwcLq81Me1swWCQvFvgaTCuYKvNSEJ_dGXAxWCnF-cqziwVXtXtL9WwNHw
BRONZE,II,zbj-n8NdlKFDbwpyKRX7jLxZjypjibUVkH91DQkAV0F81fog0yimKK2Ol4u-uZR1Mze9JCepqahefQ
BRONZE,II,n4GERkR6cvmE6nsthJDReGLRYX7AALaRv4TlChjScqeKbzHDOWta8ER9SOH1kQZbm4dns2pFFtr2iQ
BRONZE,II,sB1oIAT0vdRp2brrD70iJ1jfWuuvHuJaqrcHTyapS-qlW5erFEpCv-oVE4Z5JlIN5qnjI5eTSQiIcA
BRONZE,II,9ce1mc4MuOhU3W5s40ExepBkihE61EcYBbS2beG34xv5dWqipJRDzRJcdUKpRwY6kI0_ny1H5yYx3Q
BRONZE,II,ZHATluQtTbtWgmwufhE6ghA83pN7y1GQJmYTtPVeuq8nraT-kxfLZ8PftV6ivGfJ0Jvbi09DwuMolw
BRONZE,II,ddMK-rzGe5vLcooi8ZvSjC5HqpDXZiq3gUFwdX6KWclwqxNzVRoeJDDHcW5DV3pBrTYR63QhFFsUKw
BRONZE,II,ADGGa2L6IqzbiBmEAL5Qzpy5Gs-OZPxLGw7YHfeINeAnolwgul4tJ72_c946jKa94uYa14obunhQhQ
BRONZE,II,CcQIFko93oYWvrjKdib_MfkuHn65OGQbhm84eIZxwgopf5GOHMsSx7nqlcxcPuBDQz3IGDGMC7hcuw
BRONZE,II,xg4diVElEfCsHDJmkx7FY7qCkcRmQSoutHMeuxSaN-WAA4JU24pkiKT4u5LaCP-VItGEU9pz1aFydQ
BRONZE,II,UeeJAvaz1vp__CV1X9zbhGlXBGxHSE8t26zbiXQgM53LCTNAB-TFlT-VnEGJtFJyV8ZLEZ8ksr10fA
BRONZE,II,9PXZjHqMX6OLMhvQG6GxbvUluqOTcf1ZJGm5DeFUpp4rmW9Q-NNIlkWtXTyIDoZxb0AerPfBj977Hw
BRONZE,II,kgSdnpjVnb1dbs_lP7XCA-921SsHCXh-V6KKWD2eS7St7LlJe9PmHE2mWkhMuNE_jpv45NpKEMw7Gw
BRONZE,II,Z_lxXc5gK2PasSlO5Z9uG3pcOcHOMsDRmh-k1KTlud3-_3I0ZmEYx5dCEy7RlK7HNpUZYswwIVQxkQ
BRONZE,II,LQ-xVBTNtQPm0IGvgMznXZAtDq5ExAjD8aZ87HN5x7rN9rZKK28A9t2H9TghsmmmajO3-4u8sy2o9w
BRONZE,II,CfljvdXjNtC2qEvcNWwxn7wn1lm3yeaSDq1X5i3Lu2Hp-hJ9xRsC8lscURoW3sbBMN_dwJlMwGHAzg
BRONZE,II,LM6L8RgqrlNj3q2OYDzpqmxa0FBijfTU71TEOnfXJPlsfVHFy0Ssr4CzG_cV5jJkPZOiOuNQc_2prw
BRONZE,II,hO7Jd0TLpEimgiVRDziS-KfjQ16pa-TBjx4_U0hadjSWof8ndJ72UHJNdBSLSKK_IcJlMI4PGhLVIQ
BRONZE,II,EZsA0ABmr1b_miAsTJIg1s-EEiYz1tnDqDyC8LiTNXraasdpYTWG14NbYA2FjHLGSs_LKtChGnWwrA
BRONZE,II,Nqdfl2Zv6sAiybRGtgKnU4OyDC9wHcFWtj_eA7W0z1c-G3RyV5Lbt9-bp1P2fBzaFwLw3k5xhkQ41A
BRONZE,II,waq4XlHb3Lzx_f-uph3chk1munfTSxDxLb9RJKBbbwId-LNtYIkNBC-WS4LUJ5nXPdyRIFoeyNrANg
BRONZE,II,Vu7pUygvWUT797cbcX_kUkvtxwfjfjX0sLDa7bM-ZiTID2uzve8cpfjsLjf0_4KqEHqAGsV-yCLDxQ
BRONZE,II,smvYVbUrSCvigfQjtb4Lg7W1k0fLQkhoOt4nZUpaqLJeqJ8yBUmX8cDF_2XhmPhN8lclDP17cHDDxA
BRONZE,II,V-hoxVAravgbcZBBn4OfSNHPyByamk1gvVizrTAfLbkDGn_WBm3gU7Hr4Rd79uE8C_izYC04N-ENSQ
BRONZE,II,EQBGqWnCuFmOvOpJ6CR_gK73yIbjIe20gKfGZYR6wYnpV6W1s0PDGn1Q3eqzwg9DOVR8V_QHXLLqtg
BRONZE,II,jKrGMy75yVL2ubxKH_DBA_1K46ZsxMXQr4axM5kZQL3S0GUAuiwpb-X6hq8-q7dHuWbY12nYcrf2rw
BRONZE,III,r6ugOZSH4XydwyNKVp4pEDY2oitHUTMs2t7ci7M0sPVGam8gKy0f0zOA6VOd_ACoEcgONhMQ0hMrjw
BRONZE,III,gU7AkLW6z-avtIThcivzYjOC-Ucnbbv-AM9gcXfJzbMwLuknRoiNLvW-niEID1-VIeiZ0pz_IHJczA
BRONZE,III,CduQJSSuMD0rCnbjXn18uYFV5SqrCx6Y3ue0exfWxVyetH56MYaf6trFsjtrLLBekfMT7gGFoRhdnA
BRONZE,III,3RAdWodekZ6Bn9VhQUvoVXO4zlkbAlgxoFYwnmlmTR740Z93WUFsaZCvLsxUEu2s8HGsK-DaHFpLag
BRONZE,III,XG3yav5ZeF-aT7Oe5b0cICS8mW6WNiox3a76Qh3c4P2WJASizQ7ZYFqDv6OFJPRvYQ9YfZzPHN5Ktw
BRONZE,III,jQNEgeROLXrMj-40_omo-uEe2uP60MCa21Qo-d3ZRigi_qMOv7AtZSr1ZfYemGaFTxChbTzbtWUdUA
BRONZE,III,uSxNXOil3IGjDhpXihSviB-unna8xAthi9yXBcPw0viZTEMC-36EqUNRv0T3Sa7AktUbLBvgkpN4KA
BRONZE,III,fNgF6R7QXb4ynZ8mliJw0SuYIGRnV90SGdmNJjFNVRWlcwIPSxJsTRWdJsK03RbShZH4Il2kZ6Yh1g
BRONZE,III,Cso18l_PeQI4nvS6Z0HA5XA7m6wISP-ISljFr0lGSRz6D9Zo-pqFB7DFM6cZy8EwmjmsdyAVsOVMvA
BRONZE,III,VV8RRzDvIpR4cU9XQ_IYg63RjsYdHnhIWKcgNTaNrlg-cndrrYS-dN8ap1ZEL2HvHi_QLEmRGIgrYg
BRONZE,III,fRj1rNQiz1BusRfeS5XFzLvEJXJ4TNogIgbU0BSsh7iBhrouAhukW4dXmlqQ1QrVgqvIfjW59zf_LQ
BRONZE,III,1YtHV_qksSmfgxK3BTjdLlxTuzw6EdDxFvDuE6v9Hrogs19tD2H4rpVg5AKky7s8sK3oLLUC8aPGFw
BRONZE,III,zJvyTW52QC1IQYQzKkHRJgiWQhQ7e2TQCE_r8rNCJtBpXvnRpWkHFfuVWcgg29P5c0dGIn6vT5FTPg
BRONZE,III,IfWmk_Ek5zlAtkhslQCsmAQQOUKoUnVUQ0zNcgcqMKC-07eO_Ng7erKCyy0WsUv8IKcuqKuaZlnYLw
BRONZE,III,r-m8pVcX5z5vPllqFCMlXwKJBixiA7RzMwb0pvILrc1uDN99VKWHF4iTuPTMkXB4CY1DVGRDm8sMfQ
BRONZE,III,5WCd6yXqpCp9Xf1u6ceawBNYgKgFSczV4pgl7gqIWXmRY38kE1JEh9LodmxJquEumlcgaQxQUkTiYw
BRONZE,III,QPd_OKQGcj7aJ_qVFu1UiBCizGYEn1OQ-evbJHQ3ue7HTozmSK40jjn-A9yYlPWgCneBMGoS_MN2fg
BRONZE,III,aMjq5KgKO9BN9xS5BXaw2VmCF85ykBKKOBSAkbd4ttSN3-magAr8x9JVJl1c9sAgvhJzCCKkB7FF3A
BRONZE,III,XGVDn4Mo2P6_y5dEzOOaL-XQWNVmHuKRu1an1_T4aeGgEbNNY8mrY6JKW5oEGaDyhZCvBveoOsPbmQ
BRONZE,III,hSm3HORdffrI_KpVlzJ56rnGIWO2MHgf-NDkgCZDVr5TuLVg16Q-QVWuoZ2H7Fp_T00edS5asQ6hrA
BRONZE,III,F6LE5PswEa0V4XxJhJEMindZ44Z8ZKwZFEj_69qUg2e4hC88WK1GsaHE7m8-NEjCQz_ZcXHnnatGbw
BRONZE,III,cz_y9mddlO0nK0SBX-qWAPPZWk3-vN8QJcqbipyNOM14ltP3IACn8y_YmmqquwdI3m15x1r-CYdN8A
BRONZE,III,3FHSRBIXMTGcWP3dS3gyTrHiegYob8ymO2upoGGYuySsdga7c_AKcCTIfoPlhFGtVLtN50LdHFlBEA
BRONZE,III,TXSRTkm1YnL0O1BGv7tNAGAr3Ixd0D8Mt-CZdU7rPvNaG2H_ReaKEkO24fdUhgXABvIIG3C7xywpPg
BRONZE,III,DT7nqVcF6r1Mot7-yVsg0-nciPkoqV8aRbpGtfxFm3WenU1cLYYglomLgtAMjI3epeewItH2slTFfw
BRONZE,III,bVMexhTOaqwECIEBapqerOV-_yJYYxJlqpreOMtOFEnq_XyNu_c5GCwqwoOBal7b7R0fyJaVqphPIQ
BRONZE,III,7wFx5eJaZLHL15MKF37KXijhWsapMeBDBurUaCCDzqTCKLa7FyX6VGJPTBojdW_SXTDYKslwI-FrsA
BRONZE,III,f4_Wrxgje9XcHiatOKbo2jc-umRcwgPMybDniFJD46jnakjrGvba6WQi-ywMx0_zeUUdmrrVmFYWwg
BRONZE,III,ZDirt8lR4ASpzBZs-JGjaL3goNKD6-eBSKxiMO45qWXff46UOD7WWv1O1ydhmGxn4Jr0Q1LKD4thjw
BRONZE,III,GWY0A8P3uPU7em0wXtOwmwc5j7yGkKE7i9KrZAMMoFyf7ONwU76OLf2oS8Bfojieh_ewfXe5bmDenw
BRONZE,III,6lxpr4siEXBD-OBvLzXjjuzPo37ODJpisah4_3ScyHRy5mAYOIgfODcftizh7dWdtijqrtsEJ6spwQ
BRONZE,III,lZNDS4THkg_07-GJdJXH_INICyKgku9_-6TTCTK1v3GgM00hWEGHjcCfEeXDjuRaxq91dM9wicrkAA
BRONZE,III,dfXuCCRTzF-JTtPcPisyzxntOpWsashizHxElfQBm8DT3rLgEt2RWqOEwlF-9S_KowaAyAI4Efa-Zg
BRONZE,III,eh5oeCdQSkI4tNIVLE_xu_J6kb2-nM_2qy6cjZknH8VzFoZFCyofAGFjKptCqpzj9vrwnGdvcIiXzQ
BRONZE,III,rqpksuPZLeLKDKCbT7S1rabbl46tn3oZ37paboDISeA0RWeVw66nFO2bHCJyMLAIR8r0HoUjPFcQYQ
BRONZE,III,RzRCQRZgPHaLRr6HO1G0phTzhi-DbM9k5A5JneFfWPQ_iKxuix3_he3F_TSZS_LXV3jkd5oMHgY6_w
BRONZE,III,8K7npMAZOXft1Oewrvh4wgTbifoJUbl620N1VZ5zbJgw-vTJ3mQXP23zo5P-Nl3De0DfBohLA6ty1Q
BRONZE,III,yFGEyhNJdS0B1gzL93dYytxvpd5x1NJgxU39CQmMEy_mSwkXjN6Uc97Br8viJq_EPWYK61eKnvDypw
BRONZE,III,S4axWcfauVvP8AVIvtwGbHxkKcFcudT0Op427W6TljIbvy0pTv93v7G2zSTRpCF78pWk-jdV7p7wIg
BRONZE,III,malk3wFLOOIXkwVMvEoVSEEGG78Z--w_qlJhckdwlMg-xL0-ZqgzAt0glR79xnexWCh494Wxy9AdGQ
BRONZE,III,ar_oViErrNEz4RTDTFtThwNyRYH__Tc7lGEAdq_Z8diu5bPlNE-RKfEmTczCVWnOapMCH6RAI-Mg5g
BRONZE,III,t95P33kp3163g0u3TzsEffsPxiqOoMv8cbd_1h8dXoVWO51l3R7uNkXuuBjEPruETNFO8A7tHxh8Dw
BRONZE,III,WQOR7HhKeyTx0J7PROqbdrfvcJVddi6hxX8sF6Hh1qAL8CrZ18yNXwj44xAzI-kde1fs4zyEM6ui7A
BRONZE,III,BWchzYWjD_SnVuh2k39rFcK4vuu-scynzG3mrpz4XVoYc377ZqmKz3Wgyl254Mp-3YcBmVQi3ofs0g
BRONZE,III,EJg9YwvcPHB7S7CvzVlAvS4bzRFf_K-UoE_lfrnl3-fZNjRPMBnGi66DQwWRx4m3qUE4xApS_BUfsA
BRONZE,III,Y4dH1ap3iE1XHC-HOOMAiM8uPmI_os_xfBi_WkYMVD5bCW7l4wfveXjeiXnf7J5XXL_DoN2YlZjAHQ
BRONZE,III,qse8CoPkWDPURl7r9a0J8roXX62aZASawMYBpm2-96Ka3BjWYupidYH0eXeC3K3uTylfy_oprM3sOQ
BRONZE,III,6sKM9OhvucZn22wXkvCCsbdzJ5vOVXd1_ZskQFBnSckvqDuVHr8LvUUIp7d7GBmeOgE9trlZq9XYtA
BRONZE,III,gEQFf_nGHMBKnozQpRVrcZqwUKPki-u6dBaCSEtHeD5Qzo9xUbWJaK-he0MRFAaKqMSJgKPyG24xeg
BRONZE,III,7gUgAJD-Az34pNQ80DI-TmUoffwAxww2MMt40kGymsfft85UpSRsUEDHDDYfMh8NsOD5ifBLkb6JNw
BRONZE,III,h0-P3tDldgGQGmHQ-dx6HU6n5Pxp7BQMEHF1VZNf9K6O2BiJpQdjFJGa7AKBjTrmrt2r9YI3SBgxNA
BRONZE,III,l27zLYsTnhM4hNsTh6v9DarhOH89Xfe72MPCmnfSa4RiSJAJjS2sqO0mZDpQJ43Oq4KEVJ4yCI30bA
BRONZE,III,e921CeXvQo6uFvpPLRFcE6s75k2mwBVO0Gw7HLPEQu9d9MOpeRrYxHC4QuMPSHLUi-ysEQ2F6fdJpw
BRONZE,III,weBhawJsJAqoub1_TwNyoKr-ZnBrVvNqmwZJxCsbfarl3wE3mjMod8cNVzeXfowfGvp6PefNNFb07Q
BRONZE,III,RnYJI3Bm8oTBrIOdD_msFBmK36KT7eZc6ILbBsw_K_JOWkcODIYaYpfi7HrYZEjvLGm9nj6DX-Ok0w
BRONZE,III,RbfQYS3dqTWrsXOsmf7YK7dyZTfVk1cNrGMiLySziemJ_oHkU-llZgTpfZIxCVZ1Oc1unPyMZ5G-bw
BRONZE,III,nvU4bWaeCqqO8ADej7xTgwpCNlUA1lD4qWPIAKvSgVIZ50b2nsgmFQVeQkGzo3Ug6jAoyI3ZDJrjTw
BRONZE,III,4scgar6A0VLSevh78F7TAqVC7FLfaMvSV-sJ9rmzz36xsf2TXikZ-whVQNlC70WLcXcyCp-8lb8tWw
BRONZE,III,R2665IVdb7nQwd0_UirC7OkiPbGa3MotL_m40ERwih04YrYG8RI5hlNAmfkllmCgXQOIDYZAfcrr4g
BRONZE,III,91HwKuuDBLieWSw3R2abD0lGMYBIxVGWN7S873TIAcy6SutNZ8x8GK1v9md7oZAtAP8y9P0d97gyLg
BRONZE,III,6uG8VBFPePtKp5HpTjOHAeZLR3ZtZ7HV0W2fAXitn_gDPDfdQ3rak2p5vl6syU4X0lbCXb53ToFaAQ
BRONZE,III,fKgczha3CyKEr4uUle029p7IFObFL2Bsz3IU1tja7TItJQL3UlXLhW6dGCD9XCOXbANHhHrDvBG5xQ
BRONZE,III,kzxS5AWU2sPPA0JrtGdnfqN3-flDbQnVKJVZwn7vAI5sz60S7CxXhfCU6m91GOskR6DeS1BAQ8y_Ng
BRONZE,III,RBxVpSo7VrvJsitTV4e5361Z8QOTC7jyOo5VJC1ujvhOHswk-mD3BQZhuLZwktSuSv6LeRSMHLQ9kA
BRONZE,III,7AUf2qSVznNdH8wgcqEZRLCERdSuGqbzC_rwcP3JZdlDJVWdJye7SbigWiHsqzciZIp6_gtbjODj7w
BRONZE,III,8p8JmSzDeOTb_G_oHFqACBawxdfmU9MWoCI5kni1S5i6XWtBvzL4PWwe-b99XNSs8MZQncd-byTOOQ
BRONZE,III,jZAztlB77kjiwfjux7RiD3yfb90udXQB40f_yQj9ZaDjqSHBpbm2idtaYe_32T5bsuXt2V2Vu6FK7g
BRONZE,III,wES3ERBqfH--gvgWj647PsblKfe2PmV6L9BLvw5KYtG_ldrInPE6aEJQougD4MuUy4KhsGfkOozsIA
BRONZE,III,oV8GEa0FBxAibhk7VmTI4u3KJL7COTYCwbPxAu8vmmB9HsxN7u8MtifZINKONOXkGOzr730cKZ72Ig
BRONZE,III,jmpqTlrH6csfEUprxO2ZWrcA0bMfZDPGhoYxKR1hTboQP2duefmhOLd9ENgIQ9eSMW9LM0nfGmnquA
BRONZE,III,LWnVSrG6A9AdymrJeg3v-Ju3v1YGo6eiBKStcjFuDoXz8rk_4Pi5g6kmCdrJXMwDiaAA0j2WiwjopA
BRONZE,III,goNywkLM7dUvNsJzQC3jYvlfgDI6u5Lo3Nxjy1m6CFrNFxBNw_vyBCxE8JVDcaBI94V_zA-I441XsA
BRONZE,III,OUNtttff4lv3IEV8EEggKt3CGi-fwFzjlxvMj0AAVFC2tyrvtxaOKJv-OygqAaXr1eaijy59Y9-ibg
BRONZE,III,xxYhYD7st-db8wdQ0f42eGNAGMhUxJQ9fh62xvA49cLirpf043Un66gY2QsVQeWlgnInYkW1lU0xTA
BRONZE,III,WK1TrRUshabkR3HQzTAuFPUK9osulswP_HpxmDFH3h7xZJ-Q5fEKGN8kkS7VBVNzsWiP-byezANnIQ
BRONZE,III,HV7M9NNUZZwmpu4uRuwlI7qGtFO6Y7QCe7Dt2Ix8anPdVijdoXO_2ly3xRpx93aJ8yerHQ5P9kvyOQ
BRONZE,III,lqgFtxEb0DQezZM7KGCeN15nP-YAlZfZMO0uoKOWVMUbAuH1CzMvF2JBwLAfG8Srs6u-lw7WkZDikw
BRONZE,III,DQjAox7_8Ofp9mERfxt1Epx5P0GcTeGV465fG9Z3t0mn04b0O8COkdItV_dK84EwVIbXELA1Mzd8mA
BRONZE,III,oM87-7EKuH0-eiwHGDojBx_gXaf2uwMUpd7lhr7OMKhAqJNBM7Ovj_bz8aO6yZKnEoP53fg90b5PYA
BRONZE,III,BGkelmfc6g9utWD38g1w2h3HRR1qCHuXwylho0u6FOzgEQd_acYtIvj929VSjAUNz7bQKZH68aLN3g
BRONZE,III,8icXbu6u0zgM9_38qXLlQXH6f4g4SSn4P9Lv6hY0k1iCGBIedNTGLnVCsCCFV_AxMCO4yVq1SXmE5g
BRONZE,III,JgxvKUtFXKbakoQv4UaYBpvlWUVFNcE9yBMlaMF89Ys0akhkdNXVjvdJmvB3sTck784h6fb8fai2vw
BRONZE,III,jVOw0TB-TqUFQ5JaV8c237M0znMQtm97Zq7g9uZzZe9_hsqCxWhG5c7_uSke6DsHgPRYdMAlVrTjbQ
BRONZE,III,7E_OTTbSbfJfyI1KfKjw2MjmdkmOP4JnSBijRXJkTk_u76amzJ1OUAWjBnd6DCk3fYkRxWi-Xs3GEA
BRONZE,III,RHH386RN9ei_x_Ahb1uUI367GRZEEbQduD7g50ZCqrl-4XdruO5uHV9Gi_p0CLhxk65YDKJ2WHVJlA
BRONZE,III,cr81-2nf_8CE_jedzhYWgy1pq6JekbmhPAGiB8tz_6Xqws6d7iKrDx8yhulViL6cIetjPL68U3Jllg
BRONZE,III,nnv2Fj3cJsMaJuwKImorrcRZNH8f1ksu6xaT3CR474Y2NxLXHXamBF6kL0BkQRUQ0tIjzzEJ_wX24w
BRONZE,III,yNcx6zZUsqaZLQ1hj6otZXEdyVP70bq-821Ty1sGWiPsxNJokORFS-7ss08J-jMrpLdAIF2yRdD3LA
BRONZE,III,dS8zKl3thA3DQylodg4r-IWMVZKi4IJs-09fzkLYRjVvyqSZbQwJAfa598h-P7Her0qGy0QyChd4oA
BRONZE,III,fifCxI1oMjc36AjWiNRWgHHWtYyf7VDDoVFGU4FGlBthvba3q5L8EqFWzxjupVBShypRYQNTVWeYIw
BRONZE,III,7fanSv4-whTMfwxaPIIOQtwJSHpqbE5v3tSmT9LBak1zu0jC8njEnztJHgrjU5GayhdTf7yZguNU9A
BRONZE,III,KJdUxor3DI7BAL8WWwbessmUYH-bSodf_tMPaBfUDHoEbYCqEE9iFzWzC4NQ8eMr55G7U7pKDJwnSA
BRONZE,III,MqOER_Gm6DKFsK8MJGvSNRsJxTvrpoDR9ktmPz8g_FVwWHsOZBvhEPVnJ9USDeWNq05pwqYPsaMpOA
BRONZE,III,8eGAE8kemJOCEPPszxDtW1tIGgolLvco2YNDR8zxaygL1yZ5Erm4pRuCJ7RTP46y6RqvE-Mz5TCuoA
BRONZE,III,D_gVhIjOPwLpZct_2ELBPtrs4N6tOb-jYQL3bolkUN2dIm0R-5dJCtbEgUwhysQv5Mj11ydzpETEjQ
BRONZE,III,JzfivnAlmc3HMV2sbrilhlyKyiUIsmDRS32d31Qq0EZup06EWFVfGAo9PdpOswBVxK4yV3w10_4vtw
BRONZE,III,pIQprVdOV-KjFL4AB4y547DYlRg7NLH31xwECVHBWx-PdlTxnXxfC1h7K20FWljYUP-mWBuwgmv2kw
BRONZE,III,qWCT0qppW_wExF61f9tpiQJrQq-vZ7_Gww8HTo50Wt0W407Urkv_uDkE4RUPVXeNmT_ycs7tnSgdQw
BRONZE,III,GvGLsUbOH_I-eeGzNVVsJ6q4g6fnm3DiqhoUP6AAOats0gO1O06ILv53JRUldp73f7drU-lO8wV13g
BRONZE,III,XmuZ3h5I3MQrz_ErFo1xFAaBcIf_5tHW2IcEwgiRkBivWD3u2Mt7Aeb3OJ_tZHZqtJVrNGnjXdFIEw
BRONZE,III,SqfF9c6SmPWzMdyTlvXtUlvW8p0Yt-kbnqDvBxpTk16ihxFHV_XWWKZbtW6NPzD7xZYNmVPdz5-drw
BRONZE,III,Bpos_XNM-aFWEMV8-bz_O77sUjrwQPp_NNHQIqRqmHkdvrmzLtXRVwq1h8wdfweqjT--WTfAvzPEZw
BRONZE,III,5E9POzrorHYpCckdYmnN88s4ld6CZ490meLGHtNx7csAz4HKBOYWq1urN_IsCLEMe5Ip4ZBiCbDS7g
BRONZE,III,NCsPASaCqNqXIna7GsTUbK3bUX9G_OKDv8IPib3-gGGRhThFc79i5Q-5OSWnuteF0NfH4nrA1omZ-w
BRONZE,III,kyHbDym2yubBdkQhllqw2oaxUK2ZDGYF70pRM-GM8a9bHxDJGVvahviNLDOGej9DYIqCO0FdaFrFOA
BRONZE,III,_Mwhnr2mQ50wEhmpYP6t_poh6On9WSIRvYGQWB5CMkqMVQ00gWyrcVciFeG7xXdzufa3YWSwO9JJ5Q
BRONZE,III,ssQ5KqLwnYJ8sAkzOy2FJqYJNpSFEk0Gu_0xHhX6aEa14XahS68t-SPfMoNaDpa4LD1kft1APjYlgg
BRONZE,III,aekfkaEWLrbvkxSUOB2rwHiqKQYym4oHdEC6sOiTcVQRW2EDwpF7ebc7Hge0cAPaTf7TSXi19iJCKw
BRONZE,III,N9aLZgaMToST2U_RelWpurVjk3R-NFRxmQdQEQQMlE6_NEjPJEGdM2qDG7CUb7OzryLKKDqx5aCGJw
BRONZE,III,ULV0ifAY75rQKOVUWcqB1mm1U55G8P5agb-T3ASm9iT4JX8iatQwboshxv6uoGsV_LbbG6_-8JYVmQ
BRONZE,III,SfTxlh4W5Vpt-Gish389uGzIOU13ErhGeWRdmfHKraa2xv1i_R1xoGp5k4hmZdaa2aPwgfLzDZGm9g
BRONZE,III,XcN1r7lSco_g5S4evhi15fts8RBTKADLsxtcWVClyi3tch-me7YkGnPPhw088mH24DYHeiJYFXc58g
BRONZE,III,vHR1Wbk42LKNhliGcHV5GSXSF4e1H-ietyaq0z8Zu4toZRm60jzUJR_W1Dp0KtI9Csnslj7yEBEKqQ
BRONZE,III,L1S7Fi4ecueZknNy4XV047Le65gr6Ac9Vvogr4CgRFRFMJ7uzXuzVwv8PDsh22KO0ktUnLmtZq1lLA
BRONZE,III,JdAAww1qQ_sCNnTEf5rsbu5ZOffPHuem4gqMC5IaOg1aWMs6PGYoGobJHRANK_aTOUUTIQ3Pk7yTuw
BRONZE,III,5Geim3bAh6c3cCOkCrJLE2Ty3CvO-WvbRuo1_v7PqE16eMdtH0JZG2S9-FM1hQh9m8SNp6bCADZKuA
BRONZE,III,4qzqnQIowi2TGswk7fRz-SMDJciqf-DioBzCE2ynbo8QmygaDhgL_paVn_abvFFxFxlNzjxRCXXsZA
BRONZE,III,ERQ9eKf-Gd_ju2T2IDdbI3sFbhfGBa_rIuOyURSKDwYwUXxEh45dYt-zxMiT97VejDz1jDCxTYSWlg
BRONZE,III,MX_-u22hWcPTAQWkmxYXsuW4z3Lnwi_z2vwn494a3s_fJ5PWPtd3chLCqB6ibl9k8clVGwYHrOSzeg
BRONZE,III,31Zw2sVPBn6EzUsRMsYFgvnhIEugrjwjiA9I0_c1zipF83tJegESN57IWOsrN5YTAEBHlmxZYKBgKQ
BRONZE,III,cMukfMN7l-btX0N3TSeP2KsfYDT8cadPpw93XLfmh6sxElD1xxnPWi2oLynHYqTgzjyUeYae_mHjtA
BRONZE,III,S_wCMb1ViKryEHyZmQMM-ldpwBfZmsZuqG-xd_eKfLb1QEsXThmd63NxW1NoSedUbIsBVoWtOEdl-w
BRONZE,III,ZVuPlgKI9ug-kSm5kXTr_5WKW0IL6Q6mt-ctaIzsXEp8wTHoB3U5CTkXmcDnvzDVpRzhNScg8IaAMw
BRONZE,III,o43s5eMFCX5dgxD00lVfMB00AlCck_vk-7pRIvz39XUPY0vk7EtRHIpGr5MrP4tSgJszmHs5HgbhoQ
BRONZE,III,u015WiLSeDCB3LCft0JM6lWJU5DqgXpIJuY1eMGBzzpFf-56L5sTmwUbPIsJqYJ9YHRjljBerqgLvQ
BRONZE,III,Y3p2H2RFsHcqPp1w6v2Quy1AiHz1mmZ8pMPcQzyhWTZU2QpQBgNHYv7f5EFUrbIdIXbO7fZ1pgxGqQ
BRONZE,III,tBWeckwwUG_OGDy309oXxgqtsQUoLsTOR0pYFRbXmj8_NWe1RrSaa9T_aHH3SJSGeLTm1Vom_Z-8Vw
BRONZE,III,nKAs9WuEu6k-C-WQO3P4kjmW_WZM0HF5rybdME4Bzp6V587xq0L8jAaMcPhsg4IY_m7baiuMfPlkQA
BRONZE,III,ss1YPYMcksekOF1NB1GeHAXhTRVgrJ1vAkT1BD8UX5-ob5ADYVXwPvv6ZC5h-CbxFn-JsEYvM1j9DA
BRONZE,III,64sn6K1fPQlQltHPRkmP3DGqsi49GBMWf-iUXytVBp-Ef75zu33aU-v-U1k9_0CDGd4SuPyXpK-7xQ
BRONZE,III,0gjB8U6fJrqFYh0li2RSmbrX-53s-iWPPb-Gab2H9h2bilPeDAWyhyQjB3c_qQXeQJDO4kvFTMcgaw
BRONZE,III,ECrdNSefw1PugSd7IOkD1c7VPcwHeo5FQofJxBke9zJkDmpfou8vBlzgJJenwexj3UDjxB1VLrpzqA
BRONZE,III,A0RcyxWfiTzukwSKF5nb7yW43v0AE9jpSbyEJv_NL83hLVvbTAzc6NUxhYZZyJ6ebwerV8LuJtwltg
BRONZE,III,el7-ERcO4S7rKM4vemfGw_Fgvj65W3Yoercc7po5ss5sJOO0MnthrJM5VRtu-5QVVU9UrINPZ9m_wg
BRONZE,III,w4PDOIfNiZ3hCl9AqnU8UkqWWzXAhsGzzzwuEZGjXoyW8as4itRKxvnpc4YkPrxqo1J7aMZa9f04sw
BRONZE,III,C9Zy5q3WtUHWXB72pE6hsIfy5lEI1v07-vRJU5FoSPOyb-hcXLlBH4BNH_kQpN0pU9gjTgCcM3c7HQ
BRONZE,III,7-QTqiPouSKhQiMB3biDc68S4tGTKOjDy-Okpv1Rx9NwtuqRfqex6YrtwP1HMo_U6YygBkqMaRlMIQ
BRONZE,III,OEqBFP7wriUhk31bFBtWK_h-Pw6VpQmjUUmiJqcU-SK8pLqo8MMVs5sHbxj1CKASabfjpbJcpRhI4A
BRONZE,III,nTitd15l7z77PYCr5Iuqh8R9bIaMZd4GHy9JkIT9NmCaBXE81-QoRssAQxhTxsWUPsfWfiw-2UhzLQ
BRONZE,III,FEsFfaoxr5erAte9zkT37bYUJ3fv-aI8FJWdo-NncgPwhNo8JxzoI6I3wt1DXL-8yHvwLVmRZI5ZWg
BRONZE,III,dJ1WWXPpHyGc3TmjnY1CNWrjWXw-7cqKopkV5so9cwlWxDLfILKTOlTINBo19OsSORZGUpDyVss0Ow
BRONZE,III,yAJkE4PZNiPxUj53Nt94vYWvoyg_mgutTLByD6dDLfW64SpwXqhWVRhcJi1wgq4Ijkoyw8armz0KNw
BRONZE,III,oUH5BPj8r_RjFDfXyeQJxvsKtiXRjiBAiXvTWx6-IgNTPx6tHNdyBIku91SUH-yn8o9384v1f4_cEg
BRONZE,III,qBVvDrW4lJJ3aE2CZSecJhL9KL1rVuAhm8l2QxLc2pofz6k8QiWcdj6iA6bOsvYIQq2ggUZu7DfPaA
BRONZE,III,LRdyF5vute9rC5GXeOHyrMdIuQGIHWF5qSmRMebtngm4f5y4ex5hTlhTuA5r_S_lNodRKTnP9ZkheQ
BRONZE,III,vD6WC7ESOKXJvj8BvA2w-fOKTx8nUvGGS9xip6mEfAGWwTUECPxQRk-ChKsj-hgOBXmNKWCUkse8pA
BRONZE,III,lxhvbl8g8dEhZeLiFLgdKhPCnMw9xAz2gF4b-3aV4gWl3Zn4gKLFgfDcBk6zSULnya_XOk30Qwx2Dg
BRONZE,III,XXtbmPhxAwHHWG6gNsVakJ92gdeMWDnOhBgyHuV5AOUM8fusccTwh8x9oRchs_lG0VSf_LgJHxYNxg
BRONZE,III,wlTUkclk5DzOBa5lDS2VvgzxBft7yHaoY2mXjktgw5Ay1fggCAS47_g7mJORi2XrvUjBJUBfMqEGTA
BRONZE,III,AmfVPNnUIZJeXtVaLLWCdhWOsMiPyEcCueII6QCCR7GPKyWBxluo_EWSDBliWockAbDjDJEEG6oJ8Q
BRONZE,III,i9MpqJxf-o24oJKrRV5_KtX3z8CPZ71s9EaYvfMkMu_4nbmsuKZIrrabHxTOCn3TqvwT49nhjSr_zw
BRONZE,III,Ot_zSEO8A54e1O7u-ojJk6BdEM7klP-iU-fSVzntah3DdXbJ2ANTI7-zJbgybw9BFN3WyAs_yOk-ZQ
BRONZE,III,rXHdp7DrRiN2ZVGJDlQqtPuElrCLYLMGX9j1ATFDdK-NrJDfnwdfb65Xs3pcI8uvJp5rTEN5LGJiPQ
BRONZE,III,Foa6ZXVr-uRW4FEK7xPtUQMLZ5xoCTpDC4xFjgNs9oeNJCIDceGNoXz_mApVsFAnediw3LDkA0ppuw
BRONZE,III,1iO0keLFWEJYHCvSDMaLN3LfPAUdVbVeT-fH5P0TIVzGfOest2S63kCLQCugMa1Rtl7mIizbUcVB4A
BRONZE,III,7253dl2q-kuOJz1TIsdnvW3bIyCw4WmYNhkLrs_STZQEM8nRABB0jnWqC-PylNKaERG055PC_hZtPA
BRONZE,III,sbufJ8SSiUoAguAazX4JKp9ZJNAfNf53LYqTlAiY_Wga95abxEVqtYiXedPweADzx3HEc0aoOgt9uA
BRONZE,III,kGn7T2mf0TvErVlOHuOiFuE1A-PrBQo_9R45HQpCEGycU2SyC2b1NFuu7csOdJJ8I5i9sq9dYgJFuw
BRONZE,III,-QZSXjuqKkY_v8Afmxa0NCAG6XEG_HLSusSdd93sVVMTNXe3N5kEYIkmn1n1W9jPxghDwn745b2R6Q
BRONZE,III,tWDNmLD_b8e7lKU98yPAUIJYn8QGfj9giM900Wzl9C_cvJTlvtsM9Dc60_3NAb6QvXDR3cWcNGdafg
BRONZE,III,Yqd4T6IZjpE4YbJudbD7oINj2EJP1lUqimOMgFFQ9-9N39Edo9DdsjaSHyiZeJZ0Qj49O5hHA3YO_Q
BRONZE,III,TtWwoZSBhmxkjE6vUy8ogzsszDYmcuBRHrKN33xT8-cSWqk9_n9upFHENq0yVXhj1SuO8rTI5MGVRw
BRONZE,III,TJ_RADH9fVhxZGj92RXNyW5d_8ZM8adRLDgkmqLuil4nxiBYbFE0LlIaQjJ_EgyyO351dq1K99K9TA
BRONZE,III,3oSNuGh5U1waw6p0fBSlHF3uCQDBPzKw92cPSyuxbChpnDKgrRhUhMBlzTqjOsT307P-V1tQGxEDBw
BRONZE,III,hHBkN_Fnz2VU5MZA2jMLczP3fqTucl6nFOpllp4MpYb4HKHwUyYwy5azBnDnmTWY4_UlRk5NT1TYAg
BRONZE,III,Zkc5qPwbOgHT7Z5J0o9WFNPaHtcCCMTdOJDXX0vKXcBbgM50F2LEVjmjMHjom6-GG_KHzpKXHsF2ZA
BRONZE,III,BtsMYiWBpAdBYkDVx_-3BkXgiFMuU3DkLyB3fJhvK0gJR6SVlaWBwBZ44rL72O9tB2iz03ycouRIdA
BRONZE,III,hi2p2EL5PuubdWIKJJRth22lcd9IdTA0Uzxl8wr7b2FB4PdOFc-1TPeys_nctnlkYelRt3X1WL1cgA
BRONZE,III,-wzKthm4LjvCkHFZ29jN_YJcrjZnNk29czFM4hi-mvw4LHNRmxVROozScla8pNlkadWV5TfwUV_gow
BRONZE,III,_y0LKHZ3NTY8XVD1ooqgEBqmjFR4V66ZzyL9Bu3m7tUzv6BGMxgoZlzCqpcGhvrUTP7YtYfKHnLfHw
BRONZE,III,s_pBhNBtjg-MsSlkUmWkZckUX6sjgj3xNgvPhg2alzmO3OOCnlW6z0imlClOw1TO8igg2cDcxCL1LA
BRONZE,III,VGAu5telsASokyFxfJYYC41Rt83OYhZTw0wAYbDBNn5PNNJGSEaaZg9bQjHUkCsA89q8geytuD7scA
BRONZE,III,jeqo2GR1QuV7LVUcALoYbr5tdEZirk5shhGZo0A-GegJTAqRSKFS4U5cs7p6nbPjftWckmzfFofAEQ
BRONZE,III,1bU-LfDz8tDvkmRwtoowH1iTo5TNn60WQjilfJxzwORV1B5quIJG8-UEhmXCMpHyv9xiZc_lXvhebg
BRONZE,III,Nvhxun8Rk9sNZ2IKQpjE_R0hZy3JsJlzbg1GmdTIM2CBPra9NoDJWTpHpiQZ-havoZZbAd66FP9wFQ
BRONZE,III,sEZOhoNsFQt66_kXeoNRWxZb1nie6Kf63EdGK6e_1fxq-0jf8f1AbYesWf96crA4_VoO2gmfbapfmQ
BRONZE,III,_ADeM0lmuxcK9uy59naMs6V8J2fJPTntOn0Dj6IDr9D8hQfn6wNJQStAl119n4f99u-93BjaiaQ5ew
BRONZE,III,vkKtybCRWQmXdHtG3k6_JZD5Hg7QHL-CrRGaCzmjDVMXvsOcF9D7SKvuquUZHxCbPA0JMW6oR7ahSA
BRONZE,III,8WGTxtLOs8pX6wxuZjhSDdIdBAZcicow6-keKQ3LpUtQ0Y-xzhuJYw3FgtvcQZTUe0T4e2K6zYEFnQ
BRONZE,III,4LSxjqnRzlwhJ67izhxJCbx_u3-qFIH5uIr77A2JU4OxsypXrWAIy9m9olHTvCmR5uimggB2VmA_Mg
BRONZE,III,9mcnNR3t0HK39FOjWEvoY4KlYfr_kyT_CMJ2HZs9YfP7xrLYl-f20usHMwGWM0nS_OmAnEaYxAzCCQ
BRONZE,III,asE6pra5H4Yjr9WAuZdJGOmSKmIxNkRO1SZeA-xd1pJqkaTvEO5c_QF1XK7nU6tWWi4XKimFAC_Zjg
BRONZE,III,3i7Li6hP04paZCNA9tc4jGdQKjoSLlk4a8vjbS7lxlxyaPFSJvhc6gbRY5vf9h6IK_U5SjElXrLl_g
BRONZE,III,AcMtAv0vCprZBCPke9SU2jZbL8-qU8LYGIF_B85HML7DstzgIXDfsQLYRMD2oZVC4e_e1PM_-nT4eQ
BRONZE,III,csyKVRAJJ1QMw-yWC7ODOYgG_H0hlfb_qgJAEPWL3D3k1_LKyPiEu6SDztptY5OgGrBKU9MNLDVe8A
BRONZE,III,PEMirvVKj3p8F4uow7Lq2Rq7Em-yOykDBI0G0DbNwqcF7iXIttgiIbE6ZFc_pc2QD__xyzUglNXw3Q
BRONZE,III,pGEiPJ14hwJwH3hLmPBt0E0hIrIcsEXGOVpovf72yYPuU3QVPE5hG8tsEKXE2r6LIm92JrGjOIAeNQ
BRONZE,III,9TFCrfiIY4xLc60D73suUBDFVmslXaz9WrKOd93MDfixcwlDMiR5F3QmevhfL_394Io31C6rnX6paA
BRONZE,III,UYCZsjUe2HZG-40YnQc6WodIcaqn0jTsRj7nXWWFMNrDf_qZOjsqxZ914fLOsV91lgTdSOIl0Um35A
BRONZE,III,AMxzqpWi23ynNy3gAalzjNoTbVvQG8x_3V_EOHZkuGMRef7EXgeSgDL4UMt6r7Dk0ZJG2PEbzFAjPg
BRONZE,III,9FtQTAAL3npY1Gj7SfcUhyI9qdpbBYY6Onz1kyu6FA1_0OSqiaJU8_vgpfKPcMYq3IljEvkuFDgDkw
BRONZE,III,ZoxaTa8rRx9KU06t6eT1FUHDytoAM6KDAZma2nFgO75xivdOcV8kcXuYpbPZEiNWiKqSSD8ThvP94Q
BRONZE,III,RvTmKC_1pptvFCB2xg02fCr9wc00tm4waBSLTDWuqsoDVxOegiEdqETEY04WB4OwXyBuDe4WPzgidA
BRONZE,III,dYWa6ZdQpWHO6aJkl_i4VRwbWbi00dQ2WR65p3YlkwLgMzEWK2mLsbtP57WuoQrhsNHeVj8Qz28vRw
BRONZE,III,TK5cDXJGOKBoR_yBniwUlOOalQwUfTAXjHLX-VW9ziWTJM7E_J_65Yuxuf1UM-aWZLAoZ1VlQ_iXeA
BRONZE,III,XIljuJRmlxIAeNff-X1h7ZgINEzWMHR4lCzES_Ai9iX2mb5tbGfVRRXg1Aj2KZmacKxzj5dSuF0qQA
BRONZE,III,S3nIL7CsQtPqIVcThvclgQ2OMXCXAxKmhexsakOP8T9ZzoQMvQNqxMfie6yZe7WB6A87wPxkwSTu4A
BRONZE,III,Sq8QxFUlVbaSVBnsNYFJ2qqVJVDwCRKDp7ZaN-UCaRbiLfw0888xWL1m1WRDc4sxLTeZCvCWUeTw5A
BRONZE,III,vSIYnwqrvKsuppvszA-3FMvyBV_w8th7-G7_sPr8xw5s8CJYkE4zxS-FHVUl8Z0mBOm5am2rL1gQoA
BRONZE,III,Sb-LpklEKOd41h78i2pKdUIIrRe5j88mtzhY9Ccs4uP1rXxoqxVMIR6RUOTCxvhJ3RtF5Hw591i-jg
BRONZE,III,Bp4LPcArXYzZmIDtx6hnQB7DMQaQowLiL7_d6WItU67V99zhHoWMbTT3j9rUquyf7AkOZ5Owp7BI7g
BRONZE,III,cBNjlIwDGcxQzmqt5pgeHunR25Vzmp_qC5s9CaKSkGKg1nCeI4PKfc7HxUB7Itn6cbp3EukQXoTfOw
BRONZE,III,GIty8NvVKudSPvSHpJXj5pP2OMhiw1f8uZJdHOZo9fuCz42gdyqHI1YO9SRbQSjljC4ij3rlnUjt1Q
BRONZE,III,G9T9qedanwrjZKumVERQe3LzKbWz7XRYha53NkniBW87OJXW3sM63Q6RObmTahZkZZ2Pw1il7fhLbg
BRONZE,III,MsNqmSdGr3K0wsUS_F_9KyVGzLqLqM3KZDqC6MCjXazboinHtKeNKubYwUTs6qDVUHbrzZcbrw2X0Q
BRONZE,III,gNqXTVEHk0AIFJQ-YJUJcB-mqtTg7WOiMjIKc6Hp1qphKoRGMLycax9F_YHKuRmJbqNcrebDU4Amjg
BRONZE,III,CikOedSobu9jNxzybWI3HNCpmUNFcKQvMrqkxCJ8n7KToha4wXPg33eVJRDtxx20rUakXbeX1jlBlQ
BRONZE,III,Pu8xp2rRjqznSfpb1iqY3smK8fMof5dV9Ln0WLg22l7N0KmmO29ayT6cA9jifuE8eGLFJHr_7SDgIw
BRONZE,III,GTBF95rM7btkmiBVfbEOibLINlIVV3WQ9gqs2QtOUXcQiSgRD4oHMjcu7nUIHiGMsh6RJSpeRvyQTQ
BRONZE,III,fat58lmjj038ivao2eACee4IXV0lZmIx3D8MKQAL9_PDRH5AOoxQGHadkjwo0l03glnyfxTc9y6woQ
BRONZE,III,o5L5Dx9VAqT2el-1vI6CMRcAXfEj0UN1HkJA2y2aVCx5ZBJYl_v6WrqmOpKOcHUikTPoWQBZSqBwnA
BRONZE,IV,jSndTtZeS3h_MIRGga0ZscQ5GUOX1f_XN19qiE-2TRBiVxT8w2TgmEZlmX3CO3iPzQBT8KnqlbHHVw
BRONZE,IV,Lei3bUlg-eYIGiRHyN7Frz-l-p0Qwo6zpoRwCZpX6kggHg2jHogUNvgmxtSEYaxkhAp9cqcOYw9tBw
BRONZE,IV,Caw0mWazy_BBQ9KO-86RzNn2KAjjIr-bcZCHNrfo3I_xfT5UuiM7Fc_VC570W8Orsy7OReQIN9FnyA
BRONZE,IV,iX1tuNp-k-M9tmYNVeMs8FPi4yjmQHrTI-DzEF6YSapicL1tpSSIwJCli5CnGt1FyuXwySbmqoz-PQ
BRONZE,IV,H4BTDkcj7qcv539NO1Hhx6ya-TWdcj58qOqekVL1pYv2OsH1YrH4Y72YEvzOYPBk9K45FJddquKuAQ
BRONZE,IV,WKl6zWFZopGT5AwDzrIg0XooIHhPELnke3S3k9DM5ky_sKJtIx3899aQRS9c3QYwv4d18OPtfzozXQ
BRONZE,IV,rNKpcIYLN9N0tKxBpLK3Haznw8YN1YV_o3oBTc7KyVFGgwbN8CtqUk0bdchdSSTVfv-kZsWNRzFEtQ
BRONZE,IV,QnfiF-7rQnIAlJHPDkAoHLR2V458PadCKNM2tjWI_XOZ85aLUVIYIBuI_Qy70vw4ASwS9xT31WU9Aw
BRONZE,IV,X78PML8s8arbKRsS0LJ4qLW7lZ0V-8l058CG3v4OC8re17vW5GJ0wEzjQXNiKzbft3pdJR61cZZSOA
BRONZE,IV,nhNsKXnqiR3_QycUypSVGUdxvxYb_xig37wFwgl2Uv_mvh4_Ze5yI1NkoUH4WjDfn1N3wM3tEMNtOQ
BRONZE,IV,sRJpn8-D4KJ81SF13enxfIfzfG1u5linVwQ4x0kxIGcW8BKssh7vYBU50aeNzdiy4cJycLMQz3bNHA
BRONZE,IV,7tJ-7rQFi9bjxFiSc7iVfS5LYhZcka4m4KR4mGZ3YnbpoozXG8hINeV9qcUpF_ywGBELapvbZZ0NaQ
BRONZE,IV,_LaJ_o6RYkFJlcjNvdLZQz0Jd71a7icRLXMezXr208q_M4mQMDQX7fmlqolj5B0w2zJoQ_Eonyop_Q
BRONZE,IV,_4RIFkbuvjq_TmF7vsBpXm932ymMSgIzsZfghN2NXGR-FRucLjos8h2OryIBmOY6ogjn1lflODAhBw
BRONZE,IV,8Librfb7-bdT7gUbm01RSqiG8SRP2ASEnu0gSVBOsz6IoFIT8Lu_kmUKDXqR_6xqY6LHAazE3dGXcA
BRONZE,IV,cdBuDzAaV5WGWioNGCSpIB5xD_Pen7PNiWCjtMQdGg6JJwxQEe4G3LLxIJ1mYBmfK9D7AA05yZ9miw
BRONZE,IV,0Z8CTjtFDHai1CStewqSWk2eXKE3TwK1HfF_VRQgTATe3WS8Q8Ar6MKUETmmXDOTFzjwZSwQ4T24ew
BRONZE,IV,1QWKRaZY24fCLvFoQwMx8scxdDWkFj6KPLRIBAZHfxKs9nIxz8FumnJ6drm9Lyk1Ug-1JBG8jpxefw
BRONZE,IV,HfAfz3xulUg0Zbt10O0JLbuCKC4Hqpq8wQBhtpx_o8xunrtjVoJBYYafvxDehqLrl71uTYE3kowF5g
BRONZE,IV,26Sv6p6IL9MBs_npSd9STBeKI6csz2kXuE2QiwBeGGIaOiax2s9-JmD8vzu3Okgf-v6xcrC7_O0biA
BRONZE,IV,FGYdiEtDuITmlefsplzIZQF0ygnVc0VaFyuyWxS_aWYI35vXUQ3Xm8pw428KC0ib-kit3jBbxReb1g
BRONZE,IV,d4AYuB3N7NiIX9rciddUEMAnU-EPvW_hPl-JMvOgkxAAhHUCKia_U6TbVKuhti32K2rdRJvOunWeSw
BRONZE,IV,KmAtmX9Fif0aNNiV0PtfiVXHrJfP3QmUKW64KDE_T8x-CF-KV6MYDbPoEHGrCwK-ekjyNqxKy-dgNQ
BRONZE,IV,jbW3JEdKk426kYil2lw9YC-sq4_hpdrsoaCoFkhnJkz8DsKMtsN8G8qEiRWQq1aR1xfYhVDMOcCPDA
BRONZE,IV,AwjuGjTyyE459Wlkz2kMo7uwc-TQ1SPCzYKqQAeF9HEhiNrU_WjkbX6edWJKqsP9_UIP-jUFNRXo1w
BRONZE,IV,007nFAKfgN0IUzMWBr6lz4WYtBk94uGecOEHyv8Ldd7qlRqyWKCEMsZjnlcVMHmRiDH_h3wxLdVd2A
BRONZE,IV,AxPluZjbncTNbSioIj17G76o-gAm_Tgj5ETNVAJFuGZea6dc7R0t7bB0_vS1JH2av3Aj08006r8KXg
BRONZE,IV,rQBjPUB668bEqPdrF1duefD92LmTk5OY2iQS92cEg7dW5LH6uxiLl9p8CkeX6J5hFZcVMI-gfOTX0Q
BRONZE,IV,Q4rIIG0YnxfH_Og8i5rDOWHUrtvMMuFGzb8HmMjO_35Wz2lqY0PURuo3gqtyK8DliRGrJbzs4Xyokw
BRONZE,IV,98zh9k5_WMVfoQTK5cUqZ1AT3gHha83221NWH8yT1QdujYQRqcg5blwE0fWkuCIJ_63yoIVTnoZhkw
BRONZE,IV,qxWHoKsxjZZC2gQgohLLDz1VdM84UWu0GKUF7OgwuxCMGIWXR4SY7h9t4SMqJPTt_JVqmT8nk_mICw
BRONZE,IV,S5vxJji7OPOYJATmc9FXnRHs9YIQilXdsDmJiueOPpPGlWhpu89EeKVlVB9a8JO_v58D0UQPwkgTAw
BRONZE,IV,BKQ6iRUydwrccEH06q3nhv-RtGbrtJTkGY-G04kp6upzAesICgGkLhW_mOtz5Ybr6L0biYWLHdCGhg
BRONZE,IV,YT004ZtIWqBqhzl7CHMXv29grDoPlwnWht5voMO-_DPfuWCsrQfvEBCzp8eUZ-prT1G2k2jKsTqMtA
BRONZE,IV,zMcDaEX-3Q8_X4vZnl_bL0OJzevjuJQJRKIQE3dm4bU5gpArFDQ5A_St5W8CQAPlp4v148ptHAOzQw
BRONZE,IV,afK_p06UijsRQFH7qXACgUE3YKbRCafJPpnDbIfyz4bOhp_jC_O58lxQekPp8jsMq3mlnXN5XINszQ
BRONZE,IV,Dm_r1edM3seP8AalXBepPn-DLNcH6bDTrZiHnQR3DUHVx5fWry9ENnHMt_D5GcTiNRE_SoshHbb5ZQ
BRONZE,IV,NmeLVs-uieEA9Pmg881rQ9JP3p7GF41IJBshJCe9YAKE8t-qDrTLO1qswkLk2xlBy_26LdlCEfZxhw
BRONZE,IV,A4xo9me9e0YFpq4Jh08fFL2Fv55t6nHR7T0LIRmVN_yIJx9Wsn7fSzO7N3LQn8AMXSPUr-4x4rROcQ
BRONZE,IV,qS8O8LV-lK4gTk8GOE-YUdIQnCI694AWbEo8D4bFwcW4efdNqGIhzJ9KT5kSmmmN-WtSzjWVgpBvEg
BRONZE,IV,UtANUkOEzw9StkrBIKqCKG-BuDlgi8QZMvW34LAnlmsxvZMFl-5cIC_0omoS4L7hwsvxoq-AEZnpEw
BRONZE,IV,EMyeT1QXoy_kx-06RvJywJ-1ELiKyM99zKWa0zouuiF-rvyq5u7E7czuJYF8Kb4cMxcNb05cLcytEQ
BRONZE,IV,XF7Al3QQp-_cAKeAygSaB2leNXIixxw-q4VpYAv7vIwtk18SUFJITTieg863vo-XGqRuOP06IayGwQ
BRONZE,IV,YUXE4TvrKVrf_U53yaxy7Tu7TJGfI7k7gITUuiaSSh8Kbk1s6FHOxMv1OaFDGp2zBSKq6VxmFf6cvA
BRONZE,IV,_AXT_Mso_7DmBpY_EoeKWsETTouT5qFNw0EI3TBXxBA0UzUV59r6YQ8hbrYix2ltkV-ndyora4WLKw
BRONZE,IV,OKx8BCKPH0HirZPMJNN8uZ39Tzje3XcKQVQgwrx3KkgFlMW8d78_WfokZ03iVAzBgUvteH4-5NY1ug
BRONZE,IV,jcHhlGZLFSo__OQ6H5tU93vhEpl0ZwothbPjzt6WJiKzbBI_wnYGLGrCRiXZO059XT2tDgwS_y_2eQ
BRONZE,IV,jO8l7MAHU_nDetHEsgNb6eH0B-tXNGAlURG4MuFxKyMjEe0n3wvl2GnLnuwW098rszAAcJ9wrshIWA
BRONZE,IV,AGVq31WxvoIUTbGenr2gZlAtJdT3a4SxKiUfW5EZBGViNUC4QAH2AYRVLY-plkgnju0DgNTNrP8QuQ
BRONZE,IV,nnWeKl7HAmxo6ISqiFDzem-pxGa3KYb8bH0100hRRQW8jhvMWLNg7tF7qIEvTy9OQknVnD-U70IU7g
BRONZE,IV,5W_BRiubW6c-5abDc_HjyCsiTwWA0HB2PaCOMOv8wWKG4j1vzleVnqyC0Nzdi1obMolYqVIHWDuZjQ
BRONZE,IV,IfSACKC4VJJMsBHRfddm7AnebinBndAguTmVp9RSXJSaU-DQXTogi-_9I5W7mGn-vzT6EP4hyfF7EQ
BRONZE,IV,jgtUlhhGoYc6-vpFTOEGx5_PpX6S8hWe-JmIxCtq1OMeNI5Pkbtaw8XqRKT40tDO_feGY2tAC7jaQA
BRONZE,IV,1Ss7CosIYhKS8-6KzdAo1cM21JrENl39mwANVYcMm3gNf1E6JTP8MRrmVz1_BY0wjazfO_-0V5xCzQ
BRONZE,IV,chMBZTcW_tpAwMMnhjPX8lgz580uCvPN828FkHn0NMt1nS87I-F7-lbOU7NPZkAUn0yzZvaFKrpIzw
BRONZE,IV,3slNaMhx8XjkqFcsqEOt4ePTIzidGKqGdG7Rc_JaP9og7GsBX2MdKM0PB9gAl8EEsFw_W5wCbjeq5w
BRONZE,IV,Vk2OMFX82UhVcxqEHe0v9v4D6sVE972MT1_nJDxp6YEqMJRn6dWf0138oLgTFSha67WeyjsVHc0SoQ
BRONZE,IV,JbaZQ5-CKox_gLjvfXkxEjaFxDIXhGWkNIm4GACCRveXIqXRAnHm5sGBx7DyGDF8viSj7qsS5MjnHA
BRONZE,IV,LX5RjE4v2ptBjtrc7G0wEExJDEu4495_jVnS6zI0W4IKYnviSPV-pKa6LnwH32-IN69Y7vEjC2Od3g
BRONZE,IV,zHFvmIs9bpVCWQNvN9d4ee24-FeYacNXkJ1JuU-XjkGgUhgAg4Qojl5vitiHj5fj73hoOwhC7mi7zQ
BRONZE,IV,pUYkuF5CnTfgHdogZv2cDQgL0it3Oqyi9mGUWdG_G7_4PBwqQWe07anIsHHeXXD4bB5OH_Yk0FLrmw
BRONZE,IV,tL4kvuwNVURbRKu27g9QocitiJw1_7SG5fIXM_1XLKF8ptt_RdHf1b9MovEIPkpNwn4OM7J4Tp4ifw
BRONZE,IV,KYwWhUznhv_f_-nWfYi63NWDIQvgVof_OinU3537HaCtoJS76d2U3puOhJqM739kznDFkCXXVFxlsw
BRONZE,IV,AxBtYH0SumW0DH8L9uA_-xJENMXTRE6HslbOwD36PadbmJfhqehqA05hrUn9mu0kqXRmLIXefjFfgg
BRONZE,IV,NIHZCm7tEoQkBv8cc4JLqOLlssaa4nfFYoiwSnRX82kCwABCzLnY6qZX13LBwxJ3SbeVNe3K5mUMIw
BRONZE,IV,_41xRRizy_37ZQGKaGZ_dq_zzEqVGaxOFNSqzYolg8QYcAB69WUzpyBmbXd8eKx7QOfQbCuHu51efA
BRONZE,IV,JOVjSVC9QoNLaCnZSJ3hqLa-OEFlcUHKVpIfjmCnYng_9XL8ODJd37Q6B_MH7Afr93pNhOcgWPkmrA
BRONZE,IV,tqI3YDD4BTdyd4F6JE_XBqzCyOzPjwToH0trVRtkJq8XaJxPGqzytLZ0wkQ3hMaZMzKWRX8SlFVtOQ
BRONZE,IV,KOWsByLKDKm2FtWsxKvl4CWn8J_lZn4hp4IiLahniYaggyJg3-EZgFsNl_HrPt8RD24goWUQnuvjCA
BRONZE,IV,VU3PERx0SzTNDDaNImBngupP-DA0pgGYbq2zHqHLOZpymHzhN6ZZj7LIcwbROosUfXpFzh2Sil_2xA
BRONZE,IV,iMkZZel06HN21X4lngrOSrc5sSNtbJ0D7SKxmq6vjeVOlQHaSgv160yX9W6D_8ftFG4p60Pnh2HCeA
BRONZE,IV,xXRJT9q6X1PSaehRLpQgiZGy2OFi3HJdWwYtryJ7Clj2uFn8zJfENiyWT_HYQkDZD9x4KRB2xeoz4Q
BRONZE,IV,HbKsu1H9MDiZRWzMw50NyJyeaiJ0tGDLjpqSi_A1MDYrzj9F3rRPfhGhAF9bdBE1jo9VcIz4CKh7eg
BRONZE,IV,iONf1OMGm72PwE7CMH1gR0fO5i7CyWyEHcTEXKtKo3vq8hua9y5adhuVsE3vImsTTqbVXAxIUoWikQ
BRONZE,IV,AzKkQ8yYphcohknZBYCtvSEffXX2XD5ga1SPcUNwZNbgH6lV9Zvou87Nq9hQ3lJmRkkhnsh4IdUi-Q
BRONZE,IV,zvtpbe5KPEYMBr_7P0G9VKtEfisWYI69AtyXklOrPtwl1Qk890wgkd78pGizbywLc9u_8ZxXwcPTZA
BRONZE,IV,a-gyEdqTSvzZnSUV3rxUJpIs3hh9D4vunXpF36ftg0yw9hGqzNE_SibUOjq_BoNbFVnGZK3vO7PB7g
BRONZE,IV,W07GLNWLAhdipqwqYpON3YzBmu1urUYridtpY1SxdlGW9BwWpB0wCRayybKofgzwqPbRQbTw44wi3w
BRONZE,IV,PGHGImTTgRtvZLvd5uo2GKia37ZVU5jBE0tIG4ZXA-GYBrzc33yzrxbVrLfrUiaV4btMG90c9d01gw
BRONZE,IV,S5ZQrzzapubt2kC7T9teVnhiFzNRhTq5NOo4ykS94AnX9pGfxkQ92JDws_fJwS0zfHoWUJrcoSlwCw
BRONZE,IV,UfitxHOuAPfVdGPC5SUN2lCJW5Gyh8R8ca-sqK04TDT9cOrYfhgOJj6KgO8tKJ7EtRcFArYPC01SYw
BRONZE,IV,usKVU6HCl8_-A3AnlLCuLNvqo9RFd6EyiJ1NLGpO95ne_k9RjLgV1r-iUENGUVLxvgusA2qCpKMtng
BRONZE,IV,ZgCB5iBj5WQjGhyTwY_FSHXvnckLXtE9clXq7CzdfWrcvx99C9xlW8SBrSr-N-EGIRBRkD_V_a-1bQ
BRONZE,IV,eNumo5M20W8OgHXSPbliOvq6PJYrw4jJd5t-IQgCI9b8OGDyqCbwNiKjLt9AKhf1FEP5vWzyWImQTg
BRONZE,IV,CAy3xUcPHU1jUkZO1xsWKoHD2BKyxf46mLadMfr5djqcI-dg_AsdrpkM8qECti-DsvvoBosZ9SzHAw
BRONZE,IV,7EPReCq5OR-wvvtoK08SXejtlGh60C5BTSw3D1FM3HZzZnTfLiohI4aYLutVd3wZj4iCe-8wktA9pg
BRONZE,IV,jxM7BipWpGEnJO3E30y0_kZSyswEopq-eMsOnIHIs598SVgnXTz1RbBx9vVR1-YLaXzM1TRfrz1IkA
BRONZE,IV,DZBX-I0whWpVXwb94slJdOFnZC_4m_zhFCXyH7iKghEWbMPPRDkVZ-Fngjm4akSVcbzjmS7kA3g99Q
BRONZE,IV,Z8Y_mTrcsAElgo9NZwsTClLPcO0igwBEXxCT9_gVsJvYDmkgl9LSFjH7w8qTYQREDT3GpVVfwaRV4w
BRONZE,IV,Di9hEBgQTSvSyKrMz3cFTWEea2qOTHzhv3HbWY7VTH5eqGJ178XmSfWVVGoxJbRaHAbYogHIFIfRHQ
BRONZE,IV,Mbwdt1ASwXUgoq63AUuCjhC_pr6_lcZTHUBv9JStJKmAHXzucPeKjNrT-oLi8PBbPl-D7W48EIIOSw
BRONZE,IV,VIM8aUd9yK3Qzqr5vQDrxgd2_1BLKfJJ89SjBcdXJbtl-eKC8dtdsFaYwDXawsEdHAPe8ijRuFACdQ
BRONZE,IV,dk0oUnv4N7Ig4rNZNRj_WeNdZurI_0cBQFpmd2qomdB2cpC56FCOGFBfzrz3MaNvC7gFu2mRlKoTaQ
BRONZE,IV,CB1v8uF6ssLEurWpenhBzUVWtM3qv4FleCgYjgYqWnozkrmaLLxaBfOS7gkJid8uLbcSp3cELCtWvg
BRONZE,IV,H-u6wE4IyHt_-5LjeLGLtjUcEi3UxtGnY_QE9yi9xgZu-V8p1-sgqMmBPcPhVPrppSpcDFytagEjiw
BRONZE,IV,ZV7NxyHnlGeWTPpz3JPdqoZfHCj52T0PDGhpec1ZuSgV8Z_j10ZS46R7Roh-7X00_rVz0ETxNPqLIg
BRONZE,IV,4v2-4P3ANtbwP2dX7VzTNrm1LsBSJrn7SKKX_8yU5ROTVDp5EnN6rEUICY9qn6m3KjWdaPbOsEGrzw
BRONZE,IV,Bu2Px9xZYpZqDjk2ZiqYq9PoheVWSU-GsFWt7pyuNNSKm9SVH8a3duD48fzxLQWFIFi-sbnds1CQvA
BRONZE,IV,pTEL_oaEIsRQ6OjQ8XdkdmX_59ZK3ABHSRmko6bJMYsXO9wUeTALwc24B_p6A5vgNKrzeCK3ifkFGA
BRONZE,IV,M1H3yRiEHavpmqL0e_-7B2Ua8rD9v6-jSygxV03gphivcJyUNUOqSDMCD3KPHUD3v5liSU2zsxsIoA
BRONZE,IV,vzZW17TJ1jm9CF_0bsDlpnKZqyRItj9vDMH4Efm1ubKe4cDowMiq9L6WVn2oKcMCc3cKLJOYVjS-hA
BRONZE,IV,HNYQN3QyqYVSFx5kgF11NAmrMZXHYQVZwZpdy4EkmdzkKUOyjcmfiDNLBtlC7cXbi28Z-Bof0nGUfg
BRONZE,IV,D_23dnWX4XDMGHXzoXEuykL2bRkQuqeykYEYtxMHDFfputMFoLcfeXkWOpln-HOXrSKtnLA1NLK0KA
BRONZE,IV,b_FXPNFq3pJkKrXOrI9F1NQdMcVMD6H8b9CUSD_1lXpz_A-_g96P4FRcQ5RvIVRJpxslH2Y5HYcvfw
BRONZE,IV,BVgAa0O6XzYH12JaqRBoQC08RbNOSK00U3Aj7ACgU08WzJCl5PcmD3WL1GzDCcYqblGfVm6sibZ9Kg
BRONZE,IV,nVdjjZDAh0H1RSRovzE0KE5fylFXJDNb5-o4Tmi0LQCaLNw-BNdjKWVM-CdjuClEPxBX6YAelmod8A
BRONZE,IV,fn3OwtFyuG9kAX2zLKGY4u87yEws6dKocmN8pcHhoZwHc1k97cQ3ssOQudP3wEPedBYbeHgIeczBxA
BRONZE,IV,BX5-pZgJ4g2-sVuj4tlJg7jRUX3JJ5kB8AodDxp2BU3wVRGRP1xOY-Y3kqoz9ddZdxw_K9rLYNXuyQ
BRONZE,IV,gY7sNI_0f2gyICiBxkh5pF0Vt6EEK40TjGCH1NRw1FR-hwhd4RApUd79mgOTdyezwoEbwzpezK4z-A
BRONZE,IV,fq34XEnjt3_ebYJ6SroIqFIVbn4KPmis5h-y_H_4GzwN2gM6yizqevNYKG0Zd2RNHUKMv4l7eyvXdQ
BRONZE,IV,bM6nvV4OfNfYX5LoboJY-wVHIQuWZK6g4TE26sNjZ8PsoDZTE2ntYDjKvw3IGkbKIf_q87OlVbSFUA
BRONZE,IV,4BtFfKHreLh-L5i2R24g17pFN430tZJds3ARGcJ_SmPg_a2IOmA9ED6ONk3BxnMVGBsbxvkb5HkMrQ
BRONZE,IV,RToqVKo20EKyN_ITSofiZ0NW7i7zSN4rbL1TBCMNqKCh1fwq0AFvIs9qe3SmlIwbYqjI3teroMIdrQ
BRONZE,IV,vxMCFxtmjBkARZE0F1vRaaa8DCfe5GVCL3ECQjeOz04NckUsx29HSxYZzqpJ_ARVcpYxLyrZeggTzg
BRONZE,IV,D9FUCh806dV6QfU7Z0pc6tavzBuzdbEkEeMTKdGw3HgK7-OBCZ9r8m2vIqxWreFJBQvZXSe6yWc4Gw
BRONZE,IV,SGUqJMarotHC-SRdbqpsTPlYFr51DBBj7gX-GZ4szFSuPpgiG5M45sXfzmI5k6XR3f_7sIh6N2XXXA
BRONZE,IV,22QhJOGAibchhrhp3BqXtiLeLxWLvJpwQO20UnkwRTsVRJoZ0BPGx604HGIVbmSCxIul0OLt3CyoDg
BRONZE,IV,dIzStKOXrOPAnXLtTIIvNdVTjNWgMRRnWGn2GAWybAQPrqlV4IakcFJbv4EPmp8ohendMEk3DwYMKQ
BRONZE,IV,HYHH0945kM72W1_gLJNtzlQXD9ngL-KQzXtkR9aADk5IAQbhECDUhsEecFLuFFvwrSKrwalm1msYMg
BRONZE,IV,WJ3n2eI96C_TCPbww8lGMD77xn6DSpvEGdqCmqPadnp0G6ZzTkAHSyIW9X2MVG-aibjmfTG5yrIpcg
BRONZE,IV,ndgIH2r7_WB-_4SAeZItLIXlCvhwXGBkgeAmCCKFshgKb0XRlhaIuljpfvku6T4-fxlvUSL5KVpS_Q
BRONZE,IV,0Xs9VnzQywXPy1nrkxOic33BcneLTkrYfyclEdktelOpL8OpzlC6tuloe7a2DzSSvbz30l8_F4kjzA
BRONZE,IV,db56kydHQwpfM-QxghnNBT-teO4kn3kdSo87EA-kTxMHJHwu8cMPVZS9oZMWCzHnnBLr6vrHqbn8dw
BRONZE,IV,Pf0uaaW16kulfDPLg7f8WQVYMx8fPrx41G73ySseB4fcjhjJblJJwkzYsCGyLCODpYt2MQNH3Iz9SA
BRONZE,IV,3874c-X0vclbnlRlug0jUpjUMMydA0-ocAPffG7jWcoT4_5kNTJahGj5jV2Di4qhpZ61Mci9mqA2fA
BRONZE,IV,nEPjoNZJN5vw9soGGhD3nRN-1Wfhdu-SLvNqCrwR3dDhHm5RpGYBS2RNCqUjHAzt9IQUneEnXBACKw
BRONZE,IV,YsOP1ELWk2dljIqIOWVPpSH_uxM0jPUyOlNLgxe6DaDjGVD5QAQ1SbCGolygr17XQwHP9OT83ie48w
BRONZE,IV,zDtrVpUfh5lhbp_yM4qeXDEF0GcNc3nk4yg4ZssQ-51YYvYo6ULtOSzDY_K7Ln79qx4bEzV0JVe5Ow
BRONZE,IV,agoYpuMuhfTzV7puWQsPcpCRT-GreSLlGsXaOSNgTLbT3fFwYuoSB2eE3iEfWhIfXJCTfSip5IsacQ
BRONZE,IV,Fubp3MmWgw2y1MkDygnok2SrlGJk8-f9To7Wf4QBClZ3DZhBcvdXpkflvQroZYowP4NrYNKfbAMa4w
BRONZE,IV,FTz33j7xwTSy0fRrSuLMrqElsWjFiZyLrbytEeKPTHtY_0CQjCIYMHVFHjiHvW308pRf8Vxb7hCgOQ
BRONZE,IV,y-iVF1HUNCMdo5QcwbgWXHaybJI30irOZ_DhzecFaN8vZoGy4eMUNfH_Daeeuc8I-y1B2UbmTxzCqA
BRONZE,IV,TknIlOyBn9OqyEPA3GPuXDdliI8SCfwYzd0sHeGmjUwC-1p2EWT1fuMW67lGKtsESTQGqPPZJnS7GQ
BRONZE,IV,vTH8vEYiqSxjT0DDDpRO_JpN3lx7e0AjPetqrSHhBmOEUrIpnr7YmP9XiMvdrSjds7xoQbDFp0X4Rw
BRONZE,IV,FSVnD9xp0fkx2ff454n7p21_qgAGdrUVpXrx56cPVV01yFYsTYI8WEqBLLXVlMg9g8AvM6IwsBNMzg
BRONZE,IV,rdZDLbyTGO5L0NnLT4FxrJrke2hv5IC31zy58qSoJ4geHC1oO9VT_h3V8EXVXqZzFFl6KhwXRfGVug
BRONZE,IV,Nz6uSWi8oRjvVOLWuB-jqjCWT-OGLDCu36MDOc9m_PAIG94SCCDVz4CjaSAxvJvIPLEPNCELQTsjtg
BRONZE,IV,GUVSd_BrZ08m8_AxDe6AE8kp5wlDQFYizmKl8SQ7vRWA9n-HFbdr80R_IgviIyQlOwm5w5xmxa70bw
BRONZE,IV,qiWIHi43JE4jm36CRC2iuVTVH-k16kFxKVUF9hquhAOZny6j6g9C4Juvzrpir7dtnKGoMBSfZlv1RA
BRONZE,IV,DROXXnTyLKrpeTffPD9qGs_1o-iUdBYGHpr0P_gzjjpdop2FBRpKxKYUW2U2yNqqOL7CDajZJBsDjw
BRONZE,IV,q8JbroB11O_a9mQDl6EbEQv3wYO-3rjiPO0uZb2iRCDZ5teA7iIGs9aerbg07deScCx0vxU6VU9-Hw
BRONZE,IV,SQrRYhsueBI6CPQzR-kyhrXsLyOXaSJQ_8-uZtykTmq3PFWiCqAyA-lX26DDNjkHbi6dKdd4EgyD4Q
BRONZE,IV,FCUhWyNdtOZUOQg4FrVYi1YWvnZE5H7s3R0CFvwSBOj8udbTpVwuO2Sune3yTCFvcgSa9UVpsy_Xpg
BRONZE,IV,gn-sUqxNomhA8S7DRhjDH6433EzIpzWzRGLmpfwfJYjD4D5Nxv_zl0XOvgyVlMMFEuq7JHqGJ4fGcw
BRONZE,IV,K6m71mP0qYwRFeG1GQkGIPw3r7DpuN-DR_wIDanfT-I5rNZrqbaQj_mMIth5NOMXxyXx9sK2h9CtJA
BRONZE,IV,23eNtZvxOP6kpL-cWFo2FrPPmxHK60yMjM3-ql2jlftowblFg9UXPyKkFHDsfFmJOdZ5wB8_1S2n8w
BRONZE,IV,Ar_MhQaUFXYZE8_y5FEcwrErKa1-oH659xSZMojaZEsJoOZ3lWXND2NUnVZSypVGoRvVRu5_PK_k3w
BRONZE,IV,143EjhP-3YyDzLQ58SZbX70eQbxQoabTzy30XOHW-NUvlhQLcMuUTK1DnEoqKRJHvOKHGyz7X44s0g
BRONZE,IV,Htwz9ixi7Jd4ey6Xxs6ZsxqA3pwSkgla19UuAoI2fo-_OCEI3TKWSFR7jpp1mkVsBaPXI7-UFawSwg
BRONZE,IV,OCxrvkRetixlZnKRmTwJz7shWqtnjeUn_DAuvkeqtqGdjckyJOvZdAHw7cmbUIv3MsJenIytRcjWLw
BRONZE,IV,aAx9fYyhAFpBjzj9fDugKg7JjD3Wp3gB5sb5E9YCzZyEX0aY8nGaUOKbr5fv9xGzJnRCy0Pe5bMyWA
BRONZE,IV,oI-mNmjBxLEE2PDM3Kq98PuT_SS6VJlOO2ctnIgk6rZ6CGs43Siran5SGwKxv9ac7V3YA1FpZKThYg
BRONZE,IV,X4vpjD_qZLdyoLDj0KVXWWNLQQTf5W88RA1mQj3ssOUTrDVOvwSWSje4uDkCLSy51H_MDVz97B5bdA
BRONZE,IV,EG_qI3QE3b7QPuGpSufX7bcWZT0XpbkopqTPBT9AUMNycPaGytUiXeOoUdvSrzLXN9wKnoLICWSDLw
BRONZE,IV,95Yj2aAm0AkXg0Znx4qP_08WmFgbgZFc9K3VeW7Lij7INBEr6CjPfXSOVq4czsQ0wYxt30-AXSaFzQ
BRONZE,IV,grs4k816A6m-iRnEa2HDWbPehyupJAVo6WXyVDXAWHIw2jvsKoS0LnCdWnESK96TCx2VWlFwCPnYMw
BRONZE,IV,oCJNgu9Io0T4QE24rhxVz9ORnEg1rR5WcpSCRwjgRSoigtvBBGj8F95PR-PCtKixLsh3OLz83hkFpA
BRONZE,IV,Sq6o85yGXacEJ9qXkb7tTkLeq_1p9cnzk0x9vtG9gOV0o7wEu6qP7vFKtQ_YSJ7GexIeCiUvmcSKvA
BRONZE,IV,QZCPwI_ZHcko0BwpvJdjpy5FTW5hkBDl-EA_GAWbLWc9Owyu1s8R9sdCPmFHPmTSqu6HQfRi_kxf-w
BRONZE,IV,b0wiehr4JRonUCasJ2J_CgCp3axwIExvsCy9JlvR99RMhUDGDWkIKDNjZyOTGbV33-QWEq3lKZ01Qw
BRONZE,IV,rNdVGw4BuuPpEFoBzlOozOUIlvJKmjZsTvtxMPyQ_1TaXvAqPa-mKZg-X8CfNXslAX99iBnhUjSd_A
BRONZE,IV,nMl3_AXvY1HYK-DOtmepu9fDNsQQzJfkGmgMZXfLDQYzIzPc3r8KDV51HBHZuLamPcWvo0749ZQeFQ
BRONZE,IV,hnLBPw4ZUsaoO1vVPqfuiblGV3SHAiNZiEAwgUTYlL9J3OTIMt7kinB2yznBlGOjy9B3PaJDQyCa-w
BRONZE,IV,JMOLj7oUyC1oSF8zV_63P_97ANdV57MGKWnjuI02hUKvYyEtGnaQcYOPw1p4Kh5BJSoaN0bUr0aZmw
BRONZE,IV,vBxs4s2pCbHC0nRC34RdruFBVuP7BgetPRt6xj3mIE_mjXdBswWxJ2c0MLfScM9R8ikW5Oo1tFmd0A
BRONZE,IV,uOT93CWkDvQpDvKk2IkSyyww3_WWuU1aeOFdpxI4u05BlCNYZr98Z0_nhDKfHWO0vE59c4k-yROHyA
BRONZE,IV,tljIbIMom8uW1-df8fnO6HrIlb8BZotP-TUrox4mqOUEt5UjFB9RQ7Wb3SAT--nPbKIY0OFSHh_ewA
BRONZE,IV,YHeUCzosLCFnkwBsA1nBO6INCHMNFrfJdsabhY57K0T2aMHWJoTHxBrLndgvUNt8nuniiXiB4z0-WQ
BRONZE,IV,ByR6wUPoimyK7TLblbnoTVeJP5lkcFEWpkS0dPP01z0c3W9OQ3edCoWQ-4Qm_3xZaUFZJ9rdlplEMw
BRONZE,IV,-Q1kvMqBISQeNqM6zH2S1FTEnTWPga_sxe1LFBWAA-e2CW48XsLwUiwtLYA3ROykJ61I_J7h-dhT5A
BRONZE,IV,x07H_XZjJ9UtisY1jV90b4i2fjOziej-Bz-XPbwTF64N0tzzvc7Tv2Dq4n0Ymz4I1evJGMnygUjarA
BRONZE,IV,E5jx4waLXANW_wZRPY_rs5HqTKdVsVzodg8lw-eSFr9gnOflbcMh8Ia2ZBDSSJwR9v5WqO8RT143hw
BRONZE,IV,lkWnRngbvMTmIpbzFa5wzIuaosqvGyIAQKW52aywtkgMJrhDEY9Rcb__7xS3MsyyATEFRz7TVIkCSw
BRONZE,IV,YNyST82L_gp_tVPzjJaOwEvjR-KrgOirZVk6atdzyFYgJYgnnMwVItzh7mLQOZzH-WptKNh9otvHPQ
BRONZE,IV,uigE7NJkoqw77KXiuizt_GBQm0ROlZxEtPrF4Ejvn43NpwJB7NxUSmxY9bn7Shiii8jiX-nUH8Sulw
BRONZE,IV,vritoMldInPoNavotNuIB9DKcG-3jBsFDQlj8GOsHaFoU4hqyGLERV6NE8T8LRnL0IO6Izm_kfR7tQ
BRONZE,IV,RX9yGJ8QRju1n9TcDiISpF18rF8s-4lDwIYZYosJ8KMo8LQmLnktQT3hbnpqRIawrEUJ_QqnloiRow
BRONZE,IV,FcgRNwERyYDWdYPnIsux-jCqchEFhRzW2jEKCTetEXCNq6CzwkDbrCNgfjrLPEK7lYotTSwWMsy_Mg
BRONZE,IV,Ca-pCbtY_yaTY6YfYv6U1mvZAon3QqWL0AZAZY1An4IQeeCy_6qvdSL5dIBOfWMp2QRMJawmkWWpQA
BRONZE,IV,dLC86Lgo_fQS34eZ2rDKUdPIAVM-Z4GE0i-YOm_dV0YyvHJ0VKTBCDNRmHku2wd6B8K_GEiBZPH43A
BRONZE,IV,XnNY5WIG_LAHrKFhH2cDQuQeDnaT-Pm7KRo2I0qSHV4Ofpj1CKkjH01ADjeT_JIjYn20C9_uXucVPA
BRONZE,IV,0OEyeHLwPAYXLxZ9CrnvoUCOdNhTe905t-fC2DGDmQ9P5uvfcbU249Q3qjUtkSZJePwbDQMnnc0n6Q
BRONZE,IV,b9k0zTLsYUD7l7fXbgjvePQVpeVIjHS03VFftL4sv23fHEvwrLwWuW26DzsqSC0_YTnw99ZMKXn5vw
BRONZE,IV,4Q9g-QUgAaWz8S6Vn_o6enwnCxyJ_jEhwYgYh3GsAe2PnZiFilcjfsZgQmtq4Qbkgw6nKQjGNwEaIQ
BRONZE,IV,jRO0l-16Zurs4Xfkq4DixRH-lNBnH8hQ5drpdtQL5i_aYjY2-MTnqWahMyyQnnf4awDj59waEA70HQ
BRONZE,IV,VZ7BajbwfLhF9UrHuz0eH2_80t35sqBBNyx4FI1wrKmNCpF4MRsyOBUS1uXKLCUFA8X7vmL5Vmi2pA
BRONZE,IV,cczwY3BN1W3_w9lhYjg2zAXHBEb940w-6zLaRnvGhKsUZBYKXReve1d0lJqIi-DtWSkl2xgPMrTN1Q
BRONZE,IV,bXjUI8JvtJKeQh03pXE0RnbMQv8RYcT_2PXvIBwqfYVE7bi4AUPZEG-yGqGN0dH7X3ij0XO8PcOaPA
BRONZE,IV,rlm1yI_fCeAWgJ8W9ZgUcduGD-dlihJqXKp0c5bsN4R2tOkCUvUwwn_Mmb1D2wIDMUFg-2K5ouU6rA
BRONZE,IV,U0QxHaZCsBcUV0zw1Bq7tqKGQhT4Tj8b3KY386ckvn7aryuI62PoFyLyW3CzuRoet46urdZ-VIpC7A
BRONZE,IV,rHSR5TZpmgq0IIf-sGeIGLyLDFJuHzgRfXuvhMkgfHt0ErCY4fYM2oXTFf1dBf6mfDOtrIpkzCLtyg
BRONZE,IV,aA0f9MNb6-u21MDgN2vlgte9zjHdi6W7_Ng_nsXtWNpHZ_hcr4kddTvBPrknojc_eezBuT8qRa3jiA